"plate.name","well","value"
"PstI_common","A01","CTCG /"
"PstI_common","A02","TGCA /"
"PstI_common","A03","ACTA /"
"PstI_common","A04","CAGA /"
"PstI_common","A05","AACT /"
"PstI_common","A06","GCGT /"
"PstI_common","A07","CGAT /"
"PstI_common","A08","GTAA /"
"PstI_common","A09","AGGG /"
"PstI_common","A10","GATG /"
"PstI_common","A11","TCAG /"
"PstI_common","A12","TGCG /"
"PstI_common","B01","CGCTT /"
"PstI_common","B02","TCACG /"
"PstI_common","B03","CTAGG /"
"PstI_common","B04","ACAAA /"
"PstI_common","B05","TTCTG /"
"PstI_common","B06","AGCCG /"
"PstI_common","B07","GTATT /"
"PstI_common","B08","CTGTA /"
"PstI_common","B09","ACCGT /"
"PstI_common","B10","GCTTA /"
"PstI_common","B11","GGTGT /"
"PstI_common","B12","AGGAT /"
"PstI_common","C01","ATTGA /"
"PstI_common","C02","CATCT /"
"PstI_common","C03","CCTAG /"
"PstI_common","C04","GAGGA /"
"PstI_common","C05","GGAAG /"
"PstI_common","C06","GTCAA /"
"PstI_common","C07","TAATA /"
"PstI_common","C08","TACAT /"
"PstI_common","C09","TCGTT /"
"PstI_common","C10","GGTTGT /"
"PstI_common","C11","CCAGCT /"
"PstI_common","C12","TTCAGA /"
"PstI_common","D01","TAGGAA /"
"PstI_common","D02","GCTCTA /"
"PstI_common","D03","CCACAA /"
"PstI_common","D04","CTTCCA /"
"PstI_common","D05","GAGATA /"
"PstI_common","D06","ATGCCT /"
"PstI_common","D07","AGTGGA /"
"PstI_common","D08","ACCTAA /"
"PstI_common","D09","ATATGT /"
"PstI_common","D10","ATCGTA /"
"PstI_common","D11","CATCGT /"
"PstI_common","D12","CGCGGT /"
"PstI_common","E01","CTATTA /"
"PstI_common","E02","GCCAGT /"
"PstI_common","E03","GGAAGA /"
"PstI_common","E04","GTACTT /"
"PstI_common","E05","GTTGAA /"
"PstI_common","E06","TAACGA /"
"PstI_common","E07","TGGCTA /"
"PstI_common","E08","TATTTTT /"
"PstI_common","E09","CTTGCTT /"
"PstI_common","E10","ATGAAAG /"
"PstI_common","E11","AAAAGTT /"
"PstI_common","E12","GAATTCA /"
"PstI_common","F01","GAACTTG /"
"PstI_common","F02","GGACCTA /"
"PstI_common","F03","GTCGATT /"
"PstI_common","F04","AACGCCT /"
"PstI_common","F05","AATATGG /"
"PstI_common","F06","ACGTGTT /"
"PstI_common","F07","ATTAATT /"
"PstI_common","F08","ATTGGAT /"
"PstI_common","F09","CATAAGT /"
"PstI_common","F10","CGCTGAT /"
"PstI_common","F11","CGGTAGA /"
"PstI_common","F12","CTACGGA /"
"PstI_common","G01","GCGGAAT /"
"PstI_common","G02","TAGCGGA /"
"PstI_common","G03","TCGAAGA /"
"PstI_common","G04","TCTGTGA /"
"PstI_common","G05","TGCTGGA /"
"PstI_common","G06","ACGACTAG /"
"PstI_common","G07","TAGCATGG /"
"PstI_common","G08","TAGGCCAT /"
"PstI_common","G09","TGCAAGGA /"
"PstI_common","G10","TGGTACGT /"
"PstI_common","G11","TCTCAGTG /"
"PstI_common","G12","CCGGATAT /"
"PstI_common","H01","CGCCTTAT /"
"PstI_common","H02","AACCGAGA /"
"PstI_common","H03","ACAGGGAA /"
"PstI_common","H04","ACGTGGTA /"
"PstI_common","H05","CCATGGGT /"
"PstI_common","H06","CGCGGAGA /"
"PstI_common","H07","CGTGTGGT /"
"PstI_common","H08","GCTGTGGA /"
"PstI_common","H09","GGATTGGT /"
"PstI_common","H10","GTGAGGGT /"
"PstI_common","H11","TATCGGGA /"
"PstI_common","H12","TTCCTGGA /"
"PstI_varA","A01","CTCG / CTCG"
"PstI_varA","A02","TGCA / CTCG"
"PstI_varA","A03","ACTA / CTCG"
"PstI_varA","A04","CAGA / CTCG"
"PstI_varA","A05","AACT / CTCG"
"PstI_varA","A06","GCGT / CTCG"
"PstI_varA","A07","CGAT / CTCG"
"PstI_varA","A08","GTAA / CTCG"
"PstI_varA","A09","AGGG / CTCG"
"PstI_varA","A10","GATG / CTCG"
"PstI_varA","A11","TCAG / CTCG"
"PstI_varA","A12","TGCG / CTCG"
"PstI_varA","B01","CGCTT / CTCG"
"PstI_varA","B02","TCACG / CTCG"
"PstI_varA","B03","CTAGG / CTCG"
"PstI_varA","B04","ACAAA / CTCG"
"PstI_varA","B05","TTCTG / CTCG"
"PstI_varA","B06","AGCCG / CTCG"
"PstI_varA","B07","GTATT / CTCG"
"PstI_varA","B08","CTGTA / CTCG"
"PstI_varA","B09","ACCGT / CTCG"
"PstI_varA","B10","GCTTA / CTCG"
"PstI_varA","B11","GGTGT / CTCG"
"PstI_varA","B12","AGGAT / CTCG"
"PstI_varA","C01","ATTGA / CTCG"
"PstI_varA","C02","CATCT / CTCG"
"PstI_varA","C03","CCTAG / CTCG"
"PstI_varA","C04","GAGGA / CTCG"
"PstI_varA","C05","GGAAG / CTCG"
"PstI_varA","C06","GTCAA / CTCG"
"PstI_varA","C07","TAATA / CTCG"
"PstI_varA","C08","TACAT / CTCG"
"PstI_varA","C09","TCGTT / CTCG"
"PstI_varA","C10","GGTTGT / CTCG"
"PstI_varA","C11","CCAGCT / CTCG"
"PstI_varA","C12","TTCAGA / CTCG"
"PstI_varA","D01","TAGGAA / CTCG"
"PstI_varA","D02","GCTCTA / CTCG"
"PstI_varA","D03","CCACAA / CTCG"
"PstI_varA","D04","CTTCCA / CTCG"
"PstI_varA","D05","GAGATA / CTCG"
"PstI_varA","D06","ATGCCT / CTCG"
"PstI_varA","D07","AGTGGA / CTCG"
"PstI_varA","D08","ACCTAA / CTCG"
"PstI_varA","D09","ATATGT / CTCG"
"PstI_varA","D10","ATCGTA / CTCG"
"PstI_varA","D11","CATCGT / CTCG"
"PstI_varA","D12","CGCGGT / CTCG"
"PstI_varA","E01","CTATTA / CTCG"
"PstI_varA","E02","GCCAGT / CTCG"
"PstI_varA","E03","GGAAGA / CTCG"
"PstI_varA","E04","GTACTT / CTCG"
"PstI_varA","E05","GTTGAA / CTCG"
"PstI_varA","E06","TAACGA / CTCG"
"PstI_varA","E07","TGGCTA / CTCG"
"PstI_varA","E08","TATTTTT / CTCG"
"PstI_varA","E09","CTTGCTT / CTCG"
"PstI_varA","E10","ATGAAAG / CTCG"
"PstI_varA","E11","AAAAGTT / CTCG"
"PstI_varA","E12","GAATTCA / CTCG"
"PstI_varA","F01","GAACTTG / CTCG"
"PstI_varA","F02","GGACCTA / CTCG"
"PstI_varA","F03","GTCGATT / CTCG"
"PstI_varA","F04","AACGCCT / CTCG"
"PstI_varA","F05","AATATGG / CTCG"
"PstI_varA","F06","ACGTGTT / CTCG"
"PstI_varA","F07","ATTAATT / CTCG"
"PstI_varA","F08","ATTGGAT / CTCG"
"PstI_varA","F09","CATAAGT / CTCG"
"PstI_varA","F10","CGCTGAT / CTCG"
"PstI_varA","F11","CGGTAGA / CTCG"
"PstI_varA","F12","CTACGGA / CTCG"
"PstI_varA","G01","GCGGAAT / CTCG"
"PstI_varA","G02","TAGCGGA / CTCG"
"PstI_varA","G03","TCGAAGA / CTCG"
"PstI_varA","G04","TCTGTGA / CTCG"
"PstI_varA","G05","TGCTGGA / CTCG"
"PstI_varA","G06","ACGACTAG / CTCG"
"PstI_varA","G07","TAGCATGG / CTCG"
"PstI_varA","G08","TAGGCCAT / CTCG"
"PstI_varA","G09","TGCAAGGA / CTCG"
"PstI_varA","G10","TGGTACGT / CTCG"
"PstI_varA","G11","TCTCAGTG / CTCG"
"PstI_varA","G12","CCGGATAT / CTCG"
"PstI_varA","H01","CGCCTTAT / CTCG"
"PstI_varA","H02","AACCGAGA / CTCG"
"PstI_varA","H03","ACAGGGAA / CTCG"
"PstI_varA","H04","ACGTGGTA / CTCG"
"PstI_varA","H05","CCATGGGT / CTCG"
"PstI_varA","H06","CGCGGAGA / CTCG"
"PstI_varA","H07","CGTGTGGT / CTCG"
"PstI_varA","H08","GCTGTGGA / CTCG"
"PstI_varA","H09","GGATTGGT / CTCG"
"PstI_varA","H10","GTGAGGGT / CTCG"
"PstI_varA","H11","TATCGGGA / CTCG"
"PstI_varA","H12","TTCCTGGA / CTCG"
"PstI_varB","A01","CTCG / TGCA"
"PstI_varB","A02","TGCA / TGCA"
"PstI_varB","A03","ACTA / TGCA"
"PstI_varB","A04","CAGA / TGCA"
"PstI_varB","A05","AACT / TGCA"
"PstI_varB","A06","GCGT / TGCA"
"PstI_varB","A07","CGAT / TGCA"
"PstI_varB","A08","GTAA / TGCA"
"PstI_varB","A09","AGGG / TGCA"
"PstI_varB","A10","GATG / TGCA"
"PstI_varB","A11","TCAG / TGCA"
"PstI_varB","A12","TGCG / TGCA"
"PstI_varB","B01","CGCTT / TGCA"
"PstI_varB","B02","TCACG / TGCA"
"PstI_varB","B03","CTAGG / TGCA"
"PstI_varB","B04","ACAAA / TGCA"
"PstI_varB","B05","TTCTG / TGCA"
"PstI_varB","B06","AGCCG / TGCA"
"PstI_varB","B07","GTATT / TGCA"
"PstI_varB","B08","CTGTA / TGCA"
"PstI_varB","B09","ACCGT / TGCA"
"PstI_varB","B10","GCTTA / TGCA"
"PstI_varB","B11","GGTGT / TGCA"
"PstI_varB","B12","AGGAT / TGCA"
"PstI_varB","C01","ATTGA / TGCA"
"PstI_varB","C02","CATCT / TGCA"
"PstI_varB","C03","CCTAG / TGCA"
"PstI_varB","C04","GAGGA / TGCA"
"PstI_varB","C05","GGAAG / TGCA"
"PstI_varB","C06","GTCAA / TGCA"
"PstI_varB","C07","TAATA / TGCA"
"PstI_varB","C08","TACAT / TGCA"
"PstI_varB","C09","TCGTT / TGCA"
"PstI_varB","C10","GGTTGT / TGCA"
"PstI_varB","C11","CCAGCT / TGCA"
"PstI_varB","C12","TTCAGA / TGCA"
"PstI_varB","D01","TAGGAA / TGCA"
"PstI_varB","D02","GCTCTA / TGCA"
"PstI_varB","D03","CCACAA / TGCA"
"PstI_varB","D04","CTTCCA / TGCA"
"PstI_varB","D05","GAGATA / TGCA"
"PstI_varB","D06","ATGCCT / TGCA"
"PstI_varB","D07","AGTGGA / TGCA"
"PstI_varB","D08","ACCTAA / TGCA"
"PstI_varB","D09","ATATGT / TGCA"
"PstI_varB","D10","ATCGTA / TGCA"
"PstI_varB","D11","CATCGT / TGCA"
"PstI_varB","D12","CGCGGT / TGCA"
"PstI_varB","E01","CTATTA / TGCA"
"PstI_varB","E02","GCCAGT / TGCA"
"PstI_varB","E03","GGAAGA / TGCA"
"PstI_varB","E04","GTACTT / TGCA"
"PstI_varB","E05","GTTGAA / TGCA"
"PstI_varB","E06","TAACGA / TGCA"
"PstI_varB","E07","TGGCTA / TGCA"
"PstI_varB","E08","TATTTTT / TGCA"
"PstI_varB","E09","CTTGCTT / TGCA"
"PstI_varB","E10","ATGAAAG / TGCA"
"PstI_varB","E11","AAAAGTT / TGCA"
"PstI_varB","E12","GAATTCA / TGCA"
"PstI_varB","F01","GAACTTG / TGCA"
"PstI_varB","F02","GGACCTA / TGCA"
"PstI_varB","F03","GTCGATT / TGCA"
"PstI_varB","F04","AACGCCT / TGCA"
"PstI_varB","F05","AATATGG / TGCA"
"PstI_varB","F06","ACGTGTT / TGCA"
"PstI_varB","F07","ATTAATT / TGCA"
"PstI_varB","F08","ATTGGAT / TGCA"
"PstI_varB","F09","CATAAGT / TGCA"
"PstI_varB","F10","CGCTGAT / TGCA"
"PstI_varB","F11","CGGTAGA / TGCA"
"PstI_varB","F12","CTACGGA / TGCA"
"PstI_varB","G01","GCGGAAT / TGCA"
"PstI_varB","G02","TAGCGGA / TGCA"
"PstI_varB","G03","TCGAAGA / TGCA"
"PstI_varB","G04","TCTGTGA / TGCA"
"PstI_varB","G05","TGCTGGA / TGCA"
"PstI_varB","G06","ACGACTAG / TGCA"
"PstI_varB","G07","TAGCATGG / TGCA"
"PstI_varB","G08","TAGGCCAT / TGCA"
"PstI_varB","G09","TGCAAGGA / TGCA"
"PstI_varB","G10","TGGTACGT / TGCA"
"PstI_varB","G11","TCTCAGTG / TGCA"
"PstI_varB","G12","CCGGATAT / TGCA"
"PstI_varB","H01","CGCCTTAT / TGCA"
"PstI_varB","H02","AACCGAGA / TGCA"
"PstI_varB","H03","ACAGGGAA / TGCA"
"PstI_varB","H04","ACGTGGTA / TGCA"
"PstI_varB","H05","CCATGGGT / TGCA"
"PstI_varB","H06","CGCGGAGA / TGCA"
"PstI_varB","H07","CGTGTGGT / TGCA"
"PstI_varB","H08","GCTGTGGA / TGCA"
"PstI_varB","H09","GGATTGGT / TGCA"
"PstI_varB","H10","GTGAGGGT / TGCA"
"PstI_varB","H11","TATCGGGA / TGCA"
"PstI_varB","H12","TTCCTGGA / TGCA"
"PstI_varC","A01","CTCG / ACTA"
"PstI_varC","A02","TGCA / ACTA"
"PstI_varC","A03","ACTA / ACTA"
"PstI_varC","A04","CAGA / ACTA"
"PstI_varC","A05","AACT / ACTA"
"PstI_varC","A06","GCGT / ACTA"
"PstI_varC","A07","CGAT / ACTA"
"PstI_varC","A08","GTAA / ACTA"
"PstI_varC","A09","AGGG / ACTA"
"PstI_varC","A10","GATG / ACTA"
"PstI_varC","A11","TCAG / ACTA"
"PstI_varC","A12","TGCG / ACTA"
"PstI_varC","B01","CGCTT / ACTA"
"PstI_varC","B02","TCACG / ACTA"
"PstI_varC","B03","CTAGG / ACTA"
"PstI_varC","B04","ACAAA / ACTA"
"PstI_varC","B05","TTCTG / ACTA"
"PstI_varC","B06","AGCCG / ACTA"
"PstI_varC","B07","GTATT / ACTA"
"PstI_varC","B08","CTGTA / ACTA"
"PstI_varC","B09","ACCGT / ACTA"
"PstI_varC","B10","GCTTA / ACTA"
"PstI_varC","B11","GGTGT / ACTA"
"PstI_varC","B12","AGGAT / ACTA"
"PstI_varC","C01","ATTGA / ACTA"
"PstI_varC","C02","CATCT / ACTA"
"PstI_varC","C03","CCTAG / ACTA"
"PstI_varC","C04","GAGGA / ACTA"
"PstI_varC","C05","GGAAG / ACTA"
"PstI_varC","C06","GTCAA / ACTA"
"PstI_varC","C07","TAATA / ACTA"
"PstI_varC","C08","TACAT / ACTA"
"PstI_varC","C09","TCGTT / ACTA"
"PstI_varC","C10","GGTTGT / ACTA"
"PstI_varC","C11","CCAGCT / ACTA"
"PstI_varC","C12","TTCAGA / ACTA"
"PstI_varC","D01","TAGGAA / ACTA"
"PstI_varC","D02","GCTCTA / ACTA"
"PstI_varC","D03","CCACAA / ACTA"
"PstI_varC","D04","CTTCCA / ACTA"
"PstI_varC","D05","GAGATA / ACTA"
"PstI_varC","D06","ATGCCT / ACTA"
"PstI_varC","D07","AGTGGA / ACTA"
"PstI_varC","D08","ACCTAA / ACTA"
"PstI_varC","D09","ATATGT / ACTA"
"PstI_varC","D10","ATCGTA / ACTA"
"PstI_varC","D11","CATCGT / ACTA"
"PstI_varC","D12","CGCGGT / ACTA"
"PstI_varC","E01","CTATTA / ACTA"
"PstI_varC","E02","GCCAGT / ACTA"
"PstI_varC","E03","GGAAGA / ACTA"
"PstI_varC","E04","GTACTT / ACTA"
"PstI_varC","E05","GTTGAA / ACTA"
"PstI_varC","E06","TAACGA / ACTA"
"PstI_varC","E07","TGGCTA / ACTA"
"PstI_varC","E08","TATTTTT / ACTA"
"PstI_varC","E09","CTTGCTT / ACTA"
"PstI_varC","E10","ATGAAAG / ACTA"
"PstI_varC","E11","AAAAGTT / ACTA"
"PstI_varC","E12","GAATTCA / ACTA"
"PstI_varC","F01","GAACTTG / ACTA"
"PstI_varC","F02","GGACCTA / ACTA"
"PstI_varC","F03","GTCGATT / ACTA"
"PstI_varC","F04","AACGCCT / ACTA"
"PstI_varC","F05","AATATGG / ACTA"
"PstI_varC","F06","ACGTGTT / ACTA"
"PstI_varC","F07","ATTAATT / ACTA"
"PstI_varC","F08","ATTGGAT / ACTA"
"PstI_varC","F09","CATAAGT / ACTA"
"PstI_varC","F10","CGCTGAT / ACTA"
"PstI_varC","F11","CGGTAGA / ACTA"
"PstI_varC","F12","CTACGGA / ACTA"
"PstI_varC","G01","GCGGAAT / ACTA"
"PstI_varC","G02","TAGCGGA / ACTA"
"PstI_varC","G03","TCGAAGA / ACTA"
"PstI_varC","G04","TCTGTGA / ACTA"
"PstI_varC","G05","TGCTGGA / ACTA"
"PstI_varC","G06","ACGACTAG / ACTA"
"PstI_varC","G07","TAGCATGG / ACTA"
"PstI_varC","G08","TAGGCCAT / ACTA"
"PstI_varC","G09","TGCAAGGA / ACTA"
"PstI_varC","G10","TGGTACGT / ACTA"
"PstI_varC","G11","TCTCAGTG / ACTA"
"PstI_varC","G12","CCGGATAT / ACTA"
"PstI_varC","H01","CGCCTTAT / ACTA"
"PstI_varC","H02","AACCGAGA / ACTA"
"PstI_varC","H03","ACAGGGAA / ACTA"
"PstI_varC","H04","ACGTGGTA / ACTA"
"PstI_varC","H05","CCATGGGT / ACTA"
"PstI_varC","H06","CGCGGAGA / ACTA"
"PstI_varC","H07","CGTGTGGT / ACTA"
"PstI_varC","H08","GCTGTGGA / ACTA"
"PstI_varC","H09","GGATTGGT / ACTA"
"PstI_varC","H10","GTGAGGGT / ACTA"
"PstI_varC","H11","TATCGGGA / ACTA"
"PstI_varC","H12","TTCCTGGA / ACTA"
"PstI_varD","A01","CTCG / TGCGA"
"PstI_varD","A02","TGCA / TGCGA"
"PstI_varD","A03","ACTA / TGCGA"
"PstI_varD","A04","CAGA / TGCGA"
"PstI_varD","A05","AACT / TGCGA"
"PstI_varD","A06","GCGT / TGCGA"
"PstI_varD","A07","CGAT / TGCGA"
"PstI_varD","A08","GTAA / TGCGA"
"PstI_varD","A09","AGGG / TGCGA"
"PstI_varD","A10","GATG / TGCGA"
"PstI_varD","A11","TCAG / TGCGA"
"PstI_varD","A12","TGCG / TGCGA"
"PstI_varD","B01","CGCTT / TGCGA"
"PstI_varD","B02","TCACG / TGCGA"
"PstI_varD","B03","CTAGG / TGCGA"
"PstI_varD","B04","ACAAA / TGCGA"
"PstI_varD","B05","TTCTG / TGCGA"
"PstI_varD","B06","AGCCG / TGCGA"
"PstI_varD","B07","GTATT / TGCGA"
"PstI_varD","B08","CTGTA / TGCGA"
"PstI_varD","B09","ACCGT / TGCGA"
"PstI_varD","B10","GCTTA / TGCGA"
"PstI_varD","B11","GGTGT / TGCGA"
"PstI_varD","B12","AGGAT / TGCGA"
"PstI_varD","C01","ATTGA / TGCGA"
"PstI_varD","C02","CATCT / TGCGA"
"PstI_varD","C03","CCTAG / TGCGA"
"PstI_varD","C04","GAGGA / TGCGA"
"PstI_varD","C05","GGAAG / TGCGA"
"PstI_varD","C06","GTCAA / TGCGA"
"PstI_varD","C07","TAATA / TGCGA"
"PstI_varD","C08","TACAT / TGCGA"
"PstI_varD","C09","TCGTT / TGCGA"
"PstI_varD","C10","GGTTGT / TGCGA"
"PstI_varD","C11","CCAGCT / TGCGA"
"PstI_varD","C12","TTCAGA / TGCGA"
"PstI_varD","D01","TAGGAA / TGCGA"
"PstI_varD","D02","GCTCTA / TGCGA"
"PstI_varD","D03","CCACAA / TGCGA"
"PstI_varD","D04","CTTCCA / TGCGA"
"PstI_varD","D05","GAGATA / TGCGA"
"PstI_varD","D06","ATGCCT / TGCGA"
"PstI_varD","D07","AGTGGA / TGCGA"
"PstI_varD","D08","ACCTAA / TGCGA"
"PstI_varD","D09","ATATGT / TGCGA"
"PstI_varD","D10","ATCGTA / TGCGA"
"PstI_varD","D11","CATCGT / TGCGA"
"PstI_varD","D12","CGCGGT / TGCGA"
"PstI_varD","E01","CTATTA / TGCGA"
"PstI_varD","E02","GCCAGT / TGCGA"
"PstI_varD","E03","GGAAGA / TGCGA"
"PstI_varD","E04","GTACTT / TGCGA"
"PstI_varD","E05","GTTGAA / TGCGA"
"PstI_varD","E06","TAACGA / TGCGA"
"PstI_varD","E07","TGGCTA / TGCGA"
"PstI_varD","E08","TATTTTT / TGCGA"
"PstI_varD","E09","CTTGCTT / TGCGA"
"PstI_varD","E10","ATGAAAG / TGCGA"
"PstI_varD","E11","AAAAGTT / TGCGA"
"PstI_varD","E12","GAATTCA / TGCGA"
"PstI_varD","F01","GAACTTG / TGCGA"
"PstI_varD","F02","GGACCTA / TGCGA"
"PstI_varD","F03","GTCGATT / TGCGA"
"PstI_varD","F04","AACGCCT / TGCGA"
"PstI_varD","F05","AATATGG / TGCGA"
"PstI_varD","F06","ACGTGTT / TGCGA"
"PstI_varD","F07","ATTAATT / TGCGA"
"PstI_varD","F08","ATTGGAT / TGCGA"
"PstI_varD","F09","CATAAGT / TGCGA"
"PstI_varD","F10","CGCTGAT / TGCGA"
"PstI_varD","F11","CGGTAGA / TGCGA"
"PstI_varD","F12","CTACGGA / TGCGA"
"PstI_varD","G01","GCGGAAT / TGCGA"
"PstI_varD","G02","TAGCGGA / TGCGA"
"PstI_varD","G03","TCGAAGA / TGCGA"
"PstI_varD","G04","TCTGTGA / TGCGA"
"PstI_varD","G05","TGCTGGA / TGCGA"
"PstI_varD","G06","ACGACTAG / TGCGA"
"PstI_varD","G07","TAGCATGG / TGCGA"
"PstI_varD","G08","TAGGCCAT / TGCGA"
"PstI_varD","G09","TGCAAGGA / TGCGA"
"PstI_varD","G10","TGGTACGT / TGCGA"
"PstI_varD","G11","TCTCAGTG / TGCGA"
"PstI_varD","G12","CCGGATAT / TGCGA"
"PstI_varD","H01","CGCCTTAT / TGCGA"
"PstI_varD","H02","AACCGAGA / TGCGA"
"PstI_varD","H03","ACAGGGAA / TGCGA"
"PstI_varD","H04","ACGTGGTA / TGCGA"
"PstI_varD","H05","CCATGGGT / TGCGA"
"PstI_varD","H06","CGCGGAGA / TGCGA"
"PstI_varD","H07","CGTGTGGT / TGCGA"
"PstI_varD","H08","GCTGTGGA / TGCGA"
"PstI_varD","H09","GGATTGGT / TGCGA"
"PstI_varD","H10","GTGAGGGT / TGCGA"
"PstI_varD","H11","TATCGGGA / TGCGA"
"PstI_varD","H12","TTCCTGGA / TGCGA"
"PstI_varE","A01","CTCG / CGCTT"
"PstI_varE","A02","TGCA / CGCTT"
"PstI_varE","A03","ACTA / CGCTT"
"PstI_varE","A04","CAGA / CGCTT"
"PstI_varE","A05","AACT / CGCTT"
"PstI_varE","A06","GCGT / CGCTT"
"PstI_varE","A07","CGAT / CGCTT"
"PstI_varE","A08","GTAA / CGCTT"
"PstI_varE","A09","AGGG / CGCTT"
"PstI_varE","A10","GATG / CGCTT"
"PstI_varE","A11","TCAG / CGCTT"
"PstI_varE","A12","TGCG / CGCTT"
"PstI_varE","B01","CGCTT / CGCTT"
"PstI_varE","B02","TCACG / CGCTT"
"PstI_varE","B03","CTAGG / CGCTT"
"PstI_varE","B04","ACAAA / CGCTT"
"PstI_varE","B05","TTCTG / CGCTT"
"PstI_varE","B06","AGCCG / CGCTT"
"PstI_varE","B07","GTATT / CGCTT"
"PstI_varE","B08","CTGTA / CGCTT"
"PstI_varE","B09","ACCGT / CGCTT"
"PstI_varE","B10","GCTTA / CGCTT"
"PstI_varE","B11","GGTGT / CGCTT"
"PstI_varE","B12","AGGAT / CGCTT"
"PstI_varE","C01","ATTGA / CGCTT"
"PstI_varE","C02","CATCT / CGCTT"
"PstI_varE","C03","CCTAG / CGCTT"
"PstI_varE","C04","GAGGA / CGCTT"
"PstI_varE","C05","GGAAG / CGCTT"
"PstI_varE","C06","GTCAA / CGCTT"
"PstI_varE","C07","TAATA / CGCTT"
"PstI_varE","C08","TACAT / CGCTT"
"PstI_varE","C09","TCGTT / CGCTT"
"PstI_varE","C10","GGTTGT / CGCTT"
"PstI_varE","C11","CCAGCT / CGCTT"
"PstI_varE","C12","TTCAGA / CGCTT"
"PstI_varE","D01","TAGGAA / CGCTT"
"PstI_varE","D02","GCTCTA / CGCTT"
"PstI_varE","D03","CCACAA / CGCTT"
"PstI_varE","D04","CTTCCA / CGCTT"
"PstI_varE","D05","GAGATA / CGCTT"
"PstI_varE","D06","ATGCCT / CGCTT"
"PstI_varE","D07","AGTGGA / CGCTT"
"PstI_varE","D08","ACCTAA / CGCTT"
"PstI_varE","D09","ATATGT / CGCTT"
"PstI_varE","D10","ATCGTA / CGCTT"
"PstI_varE","D11","CATCGT / CGCTT"
"PstI_varE","D12","CGCGGT / CGCTT"
"PstI_varE","E01","CTATTA / CGCTT"
"PstI_varE","E02","GCCAGT / CGCTT"
"PstI_varE","E03","GGAAGA / CGCTT"
"PstI_varE","E04","GTACTT / CGCTT"
"PstI_varE","E05","GTTGAA / CGCTT"
"PstI_varE","E06","TAACGA / CGCTT"
"PstI_varE","E07","TGGCTA / CGCTT"
"PstI_varE","E08","TATTTTT / CGCTT"
"PstI_varE","E09","CTTGCTT / CGCTT"
"PstI_varE","E10","ATGAAAG / CGCTT"
"PstI_varE","E11","AAAAGTT / CGCTT"
"PstI_varE","E12","GAATTCA / CGCTT"
"PstI_varE","F01","GAACTTG / CGCTT"
"PstI_varE","F02","GGACCTA / CGCTT"
"PstI_varE","F03","GTCGATT / CGCTT"
"PstI_varE","F04","AACGCCT / CGCTT"
"PstI_varE","F05","AATATGG / CGCTT"
"PstI_varE","F06","ACGTGTT / CGCTT"
"PstI_varE","F07","ATTAATT / CGCTT"
"PstI_varE","F08","ATTGGAT / CGCTT"
"PstI_varE","F09","CATAAGT / CGCTT"
"PstI_varE","F10","CGCTGAT / CGCTT"
"PstI_varE","F11","CGGTAGA / CGCTT"
"PstI_varE","F12","CTACGGA / CGCTT"
"PstI_varE","G01","GCGGAAT / CGCTT"
"PstI_varE","G02","TAGCGGA / CGCTT"
"PstI_varE","G03","TCGAAGA / CGCTT"
"PstI_varE","G04","TCTGTGA / CGCTT"
"PstI_varE","G05","TGCTGGA / CGCTT"
"PstI_varE","G06","ACGACTAG / CGCTT"
"PstI_varE","G07","TAGCATGG / CGCTT"
"PstI_varE","G08","TAGGCCAT / CGCTT"
"PstI_varE","G09","TGCAAGGA / CGCTT"
"PstI_varE","G10","TGGTACGT / CGCTT"
"PstI_varE","G11","TCTCAGTG / CGCTT"
"PstI_varE","G12","CCGGATAT / CGCTT"
"PstI_varE","H01","CGCCTTAT / CGCTT"
"PstI_varE","H02","AACCGAGA / CGCTT"
"PstI_varE","H03","ACAGGGAA / CGCTT"
"PstI_varE","H04","ACGTGGTA / CGCTT"
"PstI_varE","H05","CCATGGGT / CGCTT"
"PstI_varE","H06","CGCGGAGA / CGCTT"
"PstI_varE","H07","CGTGTGGT / CGCTT"
"PstI_varE","H08","GCTGTGGA / CGCTT"
"PstI_varE","H09","GGATTGGT / CGCTT"
"PstI_varE","H10","GTGAGGGT / CGCTT"
"PstI_varE","H11","TATCGGGA / CGCTT"
"PstI_varE","H12","TTCCTGGA / CGCTT"
"PstI_varF","A01","CTCG / GGTTGT"
"PstI_varF","A02","TGCA / GGTTGT"
"PstI_varF","A03","ACTA / GGTTGT"
"PstI_varF","A04","CAGA / GGTTGT"
"PstI_varF","A05","AACT / GGTTGT"
"PstI_varF","A06","GCGT / GGTTGT"
"PstI_varF","A07","CGAT / GGTTGT"
"PstI_varF","A08","GTAA / GGTTGT"
"PstI_varF","A09","AGGG / GGTTGT"
"PstI_varF","A10","GATG / GGTTGT"
"PstI_varF","A11","TCAG / GGTTGT"
"PstI_varF","A12","TGCG / GGTTGT"
"PstI_varF","B01","CGCTT / GGTTGT"
"PstI_varF","B02","TCACG / GGTTGT"
"PstI_varF","B03","CTAGG / GGTTGT"
"PstI_varF","B04","ACAAA / GGTTGT"
"PstI_varF","B05","TTCTG / GGTTGT"
"PstI_varF","B06","AGCCG / GGTTGT"
"PstI_varF","B07","GTATT / GGTTGT"
"PstI_varF","B08","CTGTA / GGTTGT"
"PstI_varF","B09","ACCGT / GGTTGT"
"PstI_varF","B10","GCTTA / GGTTGT"
"PstI_varF","B11","GGTGT / GGTTGT"
"PstI_varF","B12","AGGAT / GGTTGT"
"PstI_varF","C01","ATTGA / GGTTGT"
"PstI_varF","C02","CATCT / GGTTGT"
"PstI_varF","C03","CCTAG / GGTTGT"
"PstI_varF","C04","GAGGA / GGTTGT"
"PstI_varF","C05","GGAAG / GGTTGT"
"PstI_varF","C06","GTCAA / GGTTGT"
"PstI_varF","C07","TAATA / GGTTGT"
"PstI_varF","C08","TACAT / GGTTGT"
"PstI_varF","C09","TCGTT / GGTTGT"
"PstI_varF","C10","GGTTGT / GGTTGT"
"PstI_varF","C11","CCAGCT / GGTTGT"
"PstI_varF","C12","TTCAGA / GGTTGT"
"PstI_varF","D01","TAGGAA / GGTTGT"
"PstI_varF","D02","GCTCTA / GGTTGT"
"PstI_varF","D03","CCACAA / GGTTGT"
"PstI_varF","D04","CTTCCA / GGTTGT"
"PstI_varF","D05","GAGATA / GGTTGT"
"PstI_varF","D06","ATGCCT / GGTTGT"
"PstI_varF","D07","AGTGGA / GGTTGT"
"PstI_varF","D08","ACCTAA / GGTTGT"
"PstI_varF","D09","ATATGT / GGTTGT"
"PstI_varF","D10","ATCGTA / GGTTGT"
"PstI_varF","D11","CATCGT / GGTTGT"
"PstI_varF","D12","CGCGGT / GGTTGT"
"PstI_varF","E01","CTATTA / GGTTGT"
"PstI_varF","E02","GCCAGT / GGTTGT"
"PstI_varF","E03","GGAAGA / GGTTGT"
"PstI_varF","E04","GTACTT / GGTTGT"
"PstI_varF","E05","GTTGAA / GGTTGT"
"PstI_varF","E06","TAACGA / GGTTGT"
"PstI_varF","E07","TGGCTA / GGTTGT"
"PstI_varF","E08","TATTTTT / GGTTGT"
"PstI_varF","E09","CTTGCTT / GGTTGT"
"PstI_varF","E10","ATGAAAG / GGTTGT"
"PstI_varF","E11","AAAAGTT / GGTTGT"
"PstI_varF","E12","GAATTCA / GGTTGT"
"PstI_varF","F01","GAACTTG / GGTTGT"
"PstI_varF","F02","GGACCTA / GGTTGT"
"PstI_varF","F03","GTCGATT / GGTTGT"
"PstI_varF","F04","AACGCCT / GGTTGT"
"PstI_varF","F05","AATATGG / GGTTGT"
"PstI_varF","F06","ACGTGTT / GGTTGT"
"PstI_varF","F07","ATTAATT / GGTTGT"
"PstI_varF","F08","ATTGGAT / GGTTGT"
"PstI_varF","F09","CATAAGT / GGTTGT"
"PstI_varF","F10","CGCTGAT / GGTTGT"
"PstI_varF","F11","CGGTAGA / GGTTGT"
"PstI_varF","F12","CTACGGA / GGTTGT"
"PstI_varF","G01","GCGGAAT / GGTTGT"
"PstI_varF","G02","TAGCGGA / GGTTGT"
"PstI_varF","G03","TCGAAGA / GGTTGT"
"PstI_varF","G04","TCTGTGA / GGTTGT"
"PstI_varF","G05","TGCTGGA / GGTTGT"
"PstI_varF","G06","ACGACTAG / GGTTGT"
"PstI_varF","G07","TAGCATGG / GGTTGT"
"PstI_varF","G08","TAGGCCAT / GGTTGT"
"PstI_varF","G09","TGCAAGGA / GGTTGT"
"PstI_varF","G10","TGGTACGT / GGTTGT"
"PstI_varF","G11","TCTCAGTG / GGTTGT"
"PstI_varF","G12","CCGGATAT / GGTTGT"
"PstI_varF","H01","CGCCTTAT / GGTTGT"
"PstI_varF","H02","AACCGAGA / GGTTGT"
"PstI_varF","H03","ACAGGGAA / GGTTGT"
"PstI_varF","H04","ACGTGGTA / GGTTGT"
"PstI_varF","H05","CCATGGGT / GGTTGT"
"PstI_varF","H06","CGCGGAGA / GGTTGT"
"PstI_varF","H07","CGTGTGGT / GGTTGT"
"PstI_varF","H08","GCTGTGGA / GGTTGT"
"PstI_varF","H09","GGATTGGT / GGTTGT"
"PstI_varF","H10","GTGAGGGT / GGTTGT"
"PstI_varF","H11","TATCGGGA / GGTTGT"
"PstI_varF","H12","TTCCTGGA / GGTTGT"
"PstI_varG","A01","CTCG / CCAGCT"
"PstI_varG","A02","TGCA / CCAGCT"
"PstI_varG","A03","ACTA / CCAGCT"
"PstI_varG","A04","CAGA / CCAGCT"
"PstI_varG","A05","AACT / CCAGCT"
"PstI_varG","A06","GCGT / CCAGCT"
"PstI_varG","A07","CGAT / CCAGCT"
"PstI_varG","A08","GTAA / CCAGCT"
"PstI_varG","A09","AGGG / CCAGCT"
"PstI_varG","A10","GATG / CCAGCT"
"PstI_varG","A11","TCAG / CCAGCT"
"PstI_varG","A12","TGCG / CCAGCT"
"PstI_varG","B01","CGCTT / CCAGCT"
"PstI_varG","B02","TCACG / CCAGCT"
"PstI_varG","B03","CTAGG / CCAGCT"
"PstI_varG","B04","ACAAA / CCAGCT"
"PstI_varG","B05","TTCTG / CCAGCT"
"PstI_varG","B06","AGCCG / CCAGCT"
"PstI_varG","B07","GTATT / CCAGCT"
"PstI_varG","B08","CTGTA / CCAGCT"
"PstI_varG","B09","ACCGT / CCAGCT"
"PstI_varG","B10","GCTTA / CCAGCT"
"PstI_varG","B11","GGTGT / CCAGCT"
"PstI_varG","B12","AGGAT / CCAGCT"
"PstI_varG","C01","ATTGA / CCAGCT"
"PstI_varG","C02","CATCT / CCAGCT"
"PstI_varG","C03","CCTAG / CCAGCT"
"PstI_varG","C04","GAGGA / CCAGCT"
"PstI_varG","C05","GGAAG / CCAGCT"
"PstI_varG","C06","GTCAA / CCAGCT"
"PstI_varG","C07","TAATA / CCAGCT"
"PstI_varG","C08","TACAT / CCAGCT"
"PstI_varG","C09","TCGTT / CCAGCT"
"PstI_varG","C10","GGTTGT / CCAGCT"
"PstI_varG","C11","CCAGCT / CCAGCT"
"PstI_varG","C12","TTCAGA / CCAGCT"
"PstI_varG","D01","TAGGAA / CCAGCT"
"PstI_varG","D02","GCTCTA / CCAGCT"
"PstI_varG","D03","CCACAA / CCAGCT"
"PstI_varG","D04","CTTCCA / CCAGCT"
"PstI_varG","D05","GAGATA / CCAGCT"
"PstI_varG","D06","ATGCCT / CCAGCT"
"PstI_varG","D07","AGTGGA / CCAGCT"
"PstI_varG","D08","ACCTAA / CCAGCT"
"PstI_varG","D09","ATATGT / CCAGCT"
"PstI_varG","D10","ATCGTA / CCAGCT"
"PstI_varG","D11","CATCGT / CCAGCT"
"PstI_varG","D12","CGCGGT / CCAGCT"
"PstI_varG","E01","CTATTA / CCAGCT"
"PstI_varG","E02","GCCAGT / CCAGCT"
"PstI_varG","E03","GGAAGA / CCAGCT"
"PstI_varG","E04","GTACTT / CCAGCT"
"PstI_varG","E05","GTTGAA / CCAGCT"
"PstI_varG","E06","TAACGA / CCAGCT"
"PstI_varG","E07","TGGCTA / CCAGCT"
"PstI_varG","E08","TATTTTT / CCAGCT"
"PstI_varG","E09","CTTGCTT / CCAGCT"
"PstI_varG","E10","ATGAAAG / CCAGCT"
"PstI_varG","E11","AAAAGTT / CCAGCT"
"PstI_varG","E12","GAATTCA / CCAGCT"
"PstI_varG","F01","GAACTTG / CCAGCT"
"PstI_varG","F02","GGACCTA / CCAGCT"
"PstI_varG","F03","GTCGATT / CCAGCT"
"PstI_varG","F04","AACGCCT / CCAGCT"
"PstI_varG","F05","AATATGG / CCAGCT"
"PstI_varG","F06","ACGTGTT / CCAGCT"
"PstI_varG","F07","ATTAATT / CCAGCT"
"PstI_varG","F08","ATTGGAT / CCAGCT"
"PstI_varG","F09","CATAAGT / CCAGCT"
"PstI_varG","F10","CGCTGAT / CCAGCT"
"PstI_varG","F11","CGGTAGA / CCAGCT"
"PstI_varG","F12","CTACGGA / CCAGCT"
"PstI_varG","G01","GCGGAAT / CCAGCT"
"PstI_varG","G02","TAGCGGA / CCAGCT"
"PstI_varG","G03","TCGAAGA / CCAGCT"
"PstI_varG","G04","TCTGTGA / CCAGCT"
"PstI_varG","G05","TGCTGGA / CCAGCT"
"PstI_varG","G06","ACGACTAG / CCAGCT"
"PstI_varG","G07","TAGCATGG / CCAGCT"
"PstI_varG","G08","TAGGCCAT / CCAGCT"
"PstI_varG","G09","TGCAAGGA / CCAGCT"
"PstI_varG","G10","TGGTACGT / CCAGCT"
"PstI_varG","G11","TCTCAGTG / CCAGCT"
"PstI_varG","G12","CCGGATAT / CCAGCT"
"PstI_varG","H01","CGCCTTAT / CCAGCT"
"PstI_varG","H02","AACCGAGA / CCAGCT"
"PstI_varG","H03","ACAGGGAA / CCAGCT"
"PstI_varG","H04","ACGTGGTA / CCAGCT"
"PstI_varG","H05","CCATGGGT / CCAGCT"
"PstI_varG","H06","CGCGGAGA / CCAGCT"
"PstI_varG","H07","CGTGTGGT / CCAGCT"
"PstI_varG","H08","GCTGTGGA / CCAGCT"
"PstI_varG","H09","GGATTGGT / CCAGCT"
"PstI_varG","H10","GTGAGGGT / CCAGCT"
"PstI_varG","H11","TATCGGGA / CCAGCT"
"PstI_varG","H12","TTCCTGGA / CCAGCT"
"CCGGplate1","A01","accgt / gaattca"
"CCGGplate1","A02","tcacg / gaattca"
"CCGGplate1","A03","ctagg / gaattca"
"CCGGplate1","A04","acaaa / gaattca"
"CCGGplate1","A05","ttctg / gaattca"
"CCGGplate1","A06","agccg / gaattca"
"CCGGplate1","A07","gtatt / gaattca"
"CCGGplate1","A08","ctgta / gaattca"
"CCGGplate1","A09","cgctt / gaattca"
"CCGGplate1","A10","gctta / gaattca"
"CCGGplate1","A11","ggtgt / gaattca"
"CCGGplate1","A12","ccagct / gaattca"
"CCGGplate1","B01","accgt / gaacttg"
"CCGGplate1","B02","tcacg / gaacttg"
"CCGGplate1","B03","ctagg / gaacttg"
"CCGGplate1","B04","acaaa / gaacttg"
"CCGGplate1","B05","ttctg / gaacttg"
"CCGGplate1","B06","agccg / gaacttg"
"CCGGplate1","B07","gtatt / gaacttg"
"CCGGplate1","B08","ctgta / gaacttg"
"CCGGplate1","B09","cgctt / gaacttg"
"CCGGplate1","B10","gctta / gaacttg"
"CCGGplate1","B11","ggtgt / gaacttg"
"CCGGplate1","B12","ccagct / gaacttg"
"CCGGplate1","C01","accgt / ggaccta"
"CCGGplate1","C02","tcacg / ggaccta"
"CCGGplate1","C03","ctagg / ggaccta"
"CCGGplate1","C04","acaaa / ggaccta"
"CCGGplate1","C05","ttctg / ggaccta"
"CCGGplate1","C06","agccg / ggaccta"
"CCGGplate1","C07","gtatt / ggaccta"
"CCGGplate1","C08","ctgta / ggaccta"
"CCGGplate1","C09","cgctt / ggaccta"
"CCGGplate1","C10","gctta / ggaccta"
"CCGGplate1","C11","ggtgt / ggaccta"
"CCGGplate1","C12","ccagct / ggaccta"
"CCGGplate1","D01","accgt / gtcgatt"
"CCGGplate1","D02","tcacg / gtcgatt"
"CCGGplate1","D03","ctagg / gtcgatt"
"CCGGplate1","D04","acaaa / gtcgatt"
"CCGGplate1","D05","ttctg / gtcgatt"
"CCGGplate1","D06","agccg / gtcgatt"
"CCGGplate1","D07","gtatt / gtcgatt"
"CCGGplate1","D08","ctgta / gtcgatt"
"CCGGplate1","D09","cgctt / gtcgatt"
"CCGGplate1","D10","gctta / gtcgatt"
"CCGGplate1","D11","ggtgt / gtcgatt"
"CCGGplate1","D12","ccagct / gtcgatt"
"CCGGplate1","E01","accgt / aacgcct"
"CCGGplate1","E02","tcacg / aacgcct"
"CCGGplate1","E03","ctagg / aacgcct"
"CCGGplate1","E04","acaaa / aacgcct"
"CCGGplate1","E05","ttctg / aacgcct"
"CCGGplate1","E06","agccg / aacgcct"
"CCGGplate1","E07","gtatt / aacgcct"
"CCGGplate1","E08","ctgta / aacgcct"
"CCGGplate1","E09","cgctt / aacgcct"
"CCGGplate1","E10","gctta / aacgcct"
"CCGGplate1","E11","ggtgt / aacgcct"
"CCGGplate1","E12","ccagct / aacgcct"
"CCGGplate1","F01","accgt / aatatgg"
"CCGGplate1","F02","tcacg / aatatgg"
"CCGGplate1","F03","ctagg / aatatgg"
"CCGGplate1","F04","acaaa / aatatgg"
"CCGGplate1","F05","ttctg / aatatgg"
"CCGGplate1","F06","agccg / aatatgg"
"CCGGplate1","F07","gtatt / aatatgg"
"CCGGplate1","F08","ctgta / aatatgg"
"CCGGplate1","F09","cgctt / aatatgg"
"CCGGplate1","F10","gctta / aatatgg"
"CCGGplate1","F11","ggtgt / aatatgg"
"CCGGplate1","F12","ccagct / aatatgg"
"CCGGplate1","G01","accgt / acgactag"
"CCGGplate1","G02","tcacg / acgactag"
"CCGGplate1","G03","ctagg / acgactag"
"CCGGplate1","G04","acaaa / acgactag"
"CCGGplate1","G05","ttctg / acgactag"
"CCGGplate1","G06","agccg / acgactag"
"CCGGplate1","G07","gtatt / acgactag"
"CCGGplate1","G08","ctgta / acgactag"
"CCGGplate1","G09","cgctt / acgactag"
"CCGGplate1","G10","gctta / acgactag"
"CCGGplate1","G11","ggtgt / acgactag"
"CCGGplate1","G12","ccagct / acgactag"
"CCGGplate1","H01","accgt / agtgga"
"CCGGplate1","H02","tcacg / agtgga"
"CCGGplate1","H03","ctagg / agtgga"
"CCGGplate1","H04","acaaa / agtgga"
"CCGGplate1","H05","ttctg / agtgga"
"CCGGplate1","H06","agccg / agtgga"
"CCGGplate1","H07","gtatt / agtgga"
"CCGGplate1","H08","ctgta / agtgga"
"CCGGplate1","H09","cgctt / agtgga"
"CCGGplate1","H10","gctta / agtgga"
"CCGGplate1","H11","ggtgt / agtgga"
"CCGGplate1","H12","ccagct / agtgga"
"CCGGplate2","A01","accgt / tagcatgg"
"CCGGplate2","A02","tcacg / tagcatgg"
"CCGGplate2","A03","ctagg / tagcatgg"
"CCGGplate2","A04","acaaa / tagcatgg"
"CCGGplate2","A05","ttctg / tagcatgg"
"CCGGplate2","A06","agccg / tagcatgg"
"CCGGplate2","A07","gtatt / tagcatgg"
"CCGGplate2","A08","ctgta / tagcatgg"
"CCGGplate2","A09","cgctt / tagcatgg"
"CCGGplate2","A10","gctta / tagcatgg"
"CCGGplate2","A11","ggtgt / tagcatgg"
"CCGGplate2","A12","ccagct / tagcatgg"
"CCGGplate2","B01","accgt / ggttgt"
"CCGGplate2","B02","tcacg / ggttgt"
"CCGGplate2","B03","ctagg / ggttgt"
"CCGGplate2","B04","acaaa / ggttgt"
"CCGGplate2","B05","ttctg / ggttgt"
"CCGGplate2","B06","agccg / ggttgt"
"CCGGplate2","B07","gtatt / ggttgt"
"CCGGplate2","B08","ctgta / ggttgt"
"CCGGplate2","B09","cgctt / ggttgt"
"CCGGplate2","B10","gctta / ggttgt"
"CCGGplate2","B11","ggtgt / ggttgt"
"CCGGplate2","B12","ccagct / ggttgt"
"CCGGplate2","C01","accgt / taggccat"
"CCGGplate2","C02","tcacg / taggccat"
"CCGGplate2","C03","ctagg / taggccat"
"CCGGplate2","C04","acaaa / taggccat"
"CCGGplate2","C05","ttctg / taggccat"
"CCGGplate2","C06","agccg / taggccat"
"CCGGplate2","C07","gtatt / taggccat"
"CCGGplate2","C08","ctgta / taggccat"
"CCGGplate2","C09","cgctt / taggccat"
"CCGGplate2","C10","gctta / taggccat"
"CCGGplate2","C11","ggtgt / taggccat"
"CCGGplate2","C12","ccagct / taggccat"
"CCGGplate2","D01","accgt / ttcctgga"
"CCGGplate2","D02","tcacg / ttcctgga"
"CCGGplate2","D03","ctagg / ttcctgga"
"CCGGplate2","D04","acaaa / ttcctgga"
"CCGGplate2","D05","ttctg / ttcctgga"
"CCGGplate2","D06","agccg / ttcctgga"
"CCGGplate2","D07","gtatt / ttcctgga"
"CCGGplate2","D08","ctgta / ttcctgga"
"CCGGplate2","D09","cgctt / ttcctgga"
"CCGGplate2","D10","gctta / ttcctgga"
"CCGGplate2","D11","ggtgt / ttcctgga"
"CCGGplate2","D12","ccagct / ttcctgga"
"CCGGplate2","E01","accgt / tggtacgt"
"CCGGplate2","E02","tcacg / tggtacgt"
"CCGGplate2","E03","ctagg / tggtacgt"
"CCGGplate2","E04","acaaa / tggtacgt"
"CCGGplate2","E05","ttctg / tggtacgt"
"CCGGplate2","E06","agccg / tggtacgt"
"CCGGplate2","E07","gtatt / tggtacgt"
"CCGGplate2","E08","ctgta / tggtacgt"
"CCGGplate2","E09","cgctt / tggtacgt"
"CCGGplate2","E10","gctta / tggtacgt"
"CCGGplate2","E11","ggtgt / tggtacgt"
"CCGGplate2","E12","ccagct / tggtacgt"
"CCGGplate2","F01","accgt / tctcagtg"
"CCGGplate2","F02","tcacg / tctcagtg"
"CCGGplate2","F03","ctagg / tctcagtg"
"CCGGplate2","F04","acaaa / tctcagtg"
"CCGGplate2","F05","ttctg / tctcagtg"
"CCGGplate2","F06","agccg / tctcagtg"
"CCGGplate2","F07","gtatt / tctcagtg"
"CCGGplate2","F08","ctgta / tctcagtg"
"CCGGplate2","F09","cgctt / tctcagtg"
"CCGGplate2","F10","gctta / tctcagtg"
"CCGGplate2","F11","ggtgt / tctcagtg"
"CCGGplate2","F12","ccagct / tctcagtg"
"CCGGplate2","G01","accgt / ccggatat"
"CCGGplate2","G02","tcacg / ccggatat"
"CCGGplate2","G03","ctagg / ccggatat"
"CCGGplate2","G04","acaaa / ccggatat"
"CCGGplate2","G05","ttctg / ccggatat"
"CCGGplate2","G06","agccg / ccggatat"
"CCGGplate2","G07","gtatt / ccggatat"
"CCGGplate2","G08","ctgta / ccggatat"
"CCGGplate2","G09","cgctt / ccggatat"
"CCGGplate2","G10","gctta / ccggatat"
"CCGGplate2","G11","ggtgt / ccggatat"
"CCGGplate2","G12","ccagct / ccggatat"
"CCGGplate2","H01","accgt / cgccttat"
"CCGGplate2","H02","tcacg / cgccttat"
"CCGGplate2","H03","ctagg / cgccttat"
"CCGGplate2","H04","acaaa / cgccttat"
"CCGGplate2","H05","ttctg / cgccttat"
"CCGGplate2","H06","agccg / cgccttat"
"CCGGplate2","H07","gtatt / cgccttat"
"CCGGplate2","H08","ctgta / cgccttat"
"CCGGplate2","H09","cgctt / cgccttat"
"CCGGplate2","H10","gctta / cgccttat"
"CCGGplate2","H11","ggtgt / cgccttat"
"CCGGplate2","H12","ccagct / cgccttat"
"CCGGplate3","A01","accgt / tcaat"
"CCGGplate3","A02","tcacg / tcaat"
"CCGGplate3","A03","ctagg / tcaat"
"CCGGplate3","A04","acaaa / tcaat"
"CCGGplate3","A05","ttctg / tcaat"
"CCGGplate3","A06","agccg / tcaat"
"CCGGplate3","A07","gtatt / tcaat"
"CCGGplate3","A08","ctgta / tcaat"
"CCGGplate3","A09","cgctt / tcaat"
"CCGGplate3","A10","gctta / tcaat"
"CCGGplate3","A11","ggtgt / tcaat"
"CCGGplate3","A12","ccagct / tcaat"
"CCGGplate3","B01","accgt / agatg"
"CCGGplate3","B02","tcacg / agatg"
"CCGGplate3","B03","ctagg / agatg"
"CCGGplate3","B04","acaaa / agatg"
"CCGGplate3","B05","ttctg / agatg"
"CCGGplate3","B06","agccg / agatg"
"CCGGplate3","B07","gtatt / agatg"
"CCGGplate3","B08","ctgta / agatg"
"CCGGplate3","B09","cgctt / agatg"
"CCGGplate3","B10","gctta / agatg"
"CCGGplate3","B11","ggtgt / agatg"
"CCGGplate3","B12","ccagct / agatg"
"CCGGplate3","C01","accgt / ctagg"
"CCGGplate3","C02","tcacg / ctagg"
"CCGGplate3","C03","ctagg / ctagg"
"CCGGplate3","C04","acaaa / ctagg"
"CCGGplate3","C05","ttctg / ctagg"
"CCGGplate3","C06","agccg / ctagg"
"CCGGplate3","C07","gtatt / ctagg"
"CCGGplate3","C08","ctgta / ctagg"
"CCGGplate3","C09","cgctt / ctagg"
"CCGGplate3","C10","gctta / ctagg"
"CCGGplate3","C11","ggtgt / ctagg"
"CCGGplate3","C12","ccagct / ctagg"
"CCGGplate3","D01","accgt / tcctc"
"CCGGplate3","D02","tcacg / tcctc"
"CCGGplate3","D03","ctagg / tcctc"
"CCGGplate3","D04","acaaa / tcctc"
"CCGGplate3","D05","ttctg / tcctc"
"CCGGplate3","D06","agccg / tcctc"
"CCGGplate3","D07","gtatt / tcctc"
"CCGGplate3","D08","ctgta / tcctc"
"CCGGplate3","D09","cgctt / tcctc"
"CCGGplate3","D10","gctta / tcctc"
"CCGGplate3","D11","ggtgt / tcctc"
"CCGGplate3","D12","ccagct / tcctc"
"CCGGplate3","E01","accgt / cttcc"
"CCGGplate3","E02","tcacg / cttcc"
"CCGGplate3","E03","ctagg / cttcc"
"CCGGplate3","E04","acaaa / cttcc"
"CCGGplate3","E05","ttctg / cttcc"
"CCGGplate3","E06","agccg / cttcc"
"CCGGplate3","E07","gtatt / cttcc"
"CCGGplate3","E08","ctgta / cttcc"
"CCGGplate3","E09","cgctt / cttcc"
"CCGGplate3","E10","gctta / cttcc"
"CCGGplate3","E11","ggtgt / cttcc"
"CCGGplate3","E12","ccagct / cttcc"
"CCGGplate3","F01","accgt / ttgac"
"CCGGplate3","F02","tcacg / ttgac"
"CCGGplate3","F03","ctagg / ttgac"
"CCGGplate3","F04","acaaa / ttgac"
"CCGGplate3","F05","ttctg / ttgac"
"CCGGplate3","F06","agccg / ttgac"
"CCGGplate3","F07","gtatt / ttgac"
"CCGGplate3","F08","ctgta / ttgac"
"CCGGplate3","F09","cgctt / ttgac"
"CCGGplate3","F10","gctta / ttgac"
"CCGGplate3","F11","ggtgt / ttgac"
"CCGGplate3","F12","ccagct / ttgac"
"CCGGplate3","G01","accgt / tatta"
"CCGGplate3","G02","tcacg / tatta"
"CCGGplate3","G03","ctagg / tatta"
"CCGGplate3","G04","acaaa / tatta"
"CCGGplate3","G05","ttctg / tatta"
"CCGGplate3","G06","agccg / tatta"
"CCGGplate3","G07","gtatt / tatta"
"CCGGplate3","G08","ctgta / tatta"
"CCGGplate3","G09","cgctt / tatta"
"CCGGplate3","G10","gctta / tatta"
"CCGGplate3","G11","ggtgt / tatta"
"CCGGplate3","G12","ccagct / tatta"
"CCGGplate3","H01","accgt / atgta"
"CCGGplate3","H02","tcacg / atgta"
"CCGGplate3","H03","ctagg / atgta"
"CCGGplate3","H04","acaaa / atgta"
"CCGGplate3","H05","ttctg / atgta"
"CCGGplate3","H06","agccg / atgta"
"CCGGplate3","H07","gtatt / atgta"
"CCGGplate3","H08","ctgta / atgta"
"CCGGplate3","H09","cgctt / atgta"
"CCGGplate3","H10","gctta / atgta"
"CCGGplate3","H11","ggtgt / atgta"
"CCGGplate3","H12","ccagct / atgta"
"CCGGplate4","A01","ttcaga / gaattca"
"CCGGplate4","A02","taggaa / gaattca"
"CCGGplate4","A03","gctcta / gaattca"
"CCGGplate4","A04","ccacaa / gaattca"
"CCGGplate4","A05","tgcga / gaattca"
"CCGGplate4","A06","cttcca / gaattca"
"CCGGplate4","A07","gagata / gaattca"
"CCGGplate4","A08","atgcct / gaattca"
"CCGGplate4","A09","tattttt / gaattca"
"CCGGplate4","A10","cttgctt / gaattca"
"CCGGplate4","A11","atgaaag / gaattca"
"CCGGplate4","A12","aaaagtt / gaattca"
"CCGGplate4","B01","ttcaga / gaacttg"
"CCGGplate4","B02","taggaa / gaacttg"
"CCGGplate4","B03","gctcta / gaacttg"
"CCGGplate4","B04","ccacaa / gaacttg"
"CCGGplate4","B05","tgcga / gaacttg"
"CCGGplate4","B06","cttcca / gaacttg"
"CCGGplate4","B07","gagata / gaacttg"
"CCGGplate4","B08","atgcct / gaacttg"
"CCGGplate4","B09","tattttt / gaacttg"
"CCGGplate4","B10","cttgctt / gaacttg"
"CCGGplate4","B11","atgaaag / gaacttg"
"CCGGplate4","B12","aaaagtt / gaacttg"
"CCGGplate4","C01","ttcaga / ggaccta"
"CCGGplate4","C02","taggaa / ggaccta"
"CCGGplate4","C03","gctcta / ggaccta"
"CCGGplate4","C04","ccacaa / ggaccta"
"CCGGplate4","C05","tgcga / ggaccta"
"CCGGplate4","C06","cttcca / ggaccta"
"CCGGplate4","C07","gagata / ggaccta"
"CCGGplate4","C08","atgcct / ggaccta"
"CCGGplate4","C09","tattttt / ggaccta"
"CCGGplate4","C10","cttgctt / ggaccta"
"CCGGplate4","C11","atgaaag / ggaccta"
"CCGGplate4","C12","aaaagtt / ggaccta"
"CCGGplate4","D01","ttcaga / gtcgatt"
"CCGGplate4","D02","taggaa / gtcgatt"
"CCGGplate4","D03","gctcta / gtcgatt"
"CCGGplate4","D04","ccacaa / gtcgatt"
"CCGGplate4","D05","tgcga / gtcgatt"
"CCGGplate4","D06","cttcca / gtcgatt"
"CCGGplate4","D07","gagata / gtcgatt"
"CCGGplate4","D08","atgcct / gtcgatt"
"CCGGplate4","D09","tattttt / gtcgatt"
"CCGGplate4","D10","cttgctt / gtcgatt"
"CCGGplate4","D11","atgaaag / gtcgatt"
"CCGGplate4","D12","aaaagtt / gtcgatt"
"CCGGplate4","E01","ttcaga / aacgcct"
"CCGGplate4","E02","taggaa / aacgcct"
"CCGGplate4","E03","gctcta / aacgcct"
"CCGGplate4","E04","ccacaa / aacgcct"
"CCGGplate4","E05","tgcga / aacgcct"
"CCGGplate4","E06","cttcca / aacgcct"
"CCGGplate4","E07","gagata / aacgcct"
"CCGGplate4","E08","atgcct / aacgcct"
"CCGGplate4","E09","tattttt / aacgcct"
"CCGGplate4","E10","cttgctt / aacgcct"
"CCGGplate4","E11","atgaaag / aacgcct"
"CCGGplate4","E12","aaaagtt / aacgcct"
"CCGGplate4","F01","ttcaga / aatatgg"
"CCGGplate4","F02","taggaa / aatatgg"
"CCGGplate4","F03","gctcta / aatatgg"
"CCGGplate4","F04","ccacaa / aatatgg"
"CCGGplate4","F05","tgcga / aatatgg"
"CCGGplate4","F06","cttcca / aatatgg"
"CCGGplate4","F07","gagata / aatatgg"
"CCGGplate4","F08","atgcct / aatatgg"
"CCGGplate4","F09","tattttt / aatatgg"
"CCGGplate4","F10","cttgctt / aatatgg"
"CCGGplate4","F11","atgaaag / aatatgg"
"CCGGplate4","F12","aaaagtt / aatatgg"
"CCGGplate4","G01","ttcaga / acgactag"
"CCGGplate4","G02","taggaa / acgactag"
"CCGGplate4","G03","gctcta / acgactag"
"CCGGplate4","G04","ccacaa / acgactag"
"CCGGplate4","G05","tgcga / acgactag"
"CCGGplate4","G06","cttcca / acgactag"
"CCGGplate4","G07","gagata / acgactag"
"CCGGplate4","G08","atgcct / acgactag"
"CCGGplate4","G09","tattttt / acgactag"
"CCGGplate4","G10","cttgctt / acgactag"
"CCGGplate4","G11","atgaaag / acgactag"
"CCGGplate4","G12","aaaagtt / acgactag"
"CCGGplate4","H01","ttcaga / agtgga"
"CCGGplate4","H02","taggaa / agtgga"
"CCGGplate4","H03","gctcta / agtgga"
"CCGGplate4","H04","ccacaa / agtgga"
"CCGGplate4","H05","tgcga / agtgga"
"CCGGplate4","H06","cttcca / agtgga"
"CCGGplate4","H07","gagata / agtgga"
"CCGGplate4","H08","atgcct / agtgga"
"CCGGplate4","H09","tattttt / agtgga"
"CCGGplate4","H10","cttgctt / agtgga"
"CCGGplate4","H11","atgaaag / agtgga"
"CCGGplate4","H12","aaaagtt / agtgga"
"CCGGplate5","A01","ttcaga / tagcatgg"
"CCGGplate5","A02","taggaa / tagcatgg"
"CCGGplate5","A03","gctcta / tagcatgg"
"CCGGplate5","A04","ccacaa / tagcatgg"
"CCGGplate5","A05","tgcga / tagcatgg"
"CCGGplate5","A06","cttcca / tagcatgg"
"CCGGplate5","A07","gagata / tagcatgg"
"CCGGplate5","A08","atgcct / tagcatgg"
"CCGGplate5","A09","tattttt / tagcatgg"
"CCGGplate5","A10","cttgctt / tagcatgg"
"CCGGplate5","A11","atgaaag / tagcatgg"
"CCGGplate5","A12","aaaagtt / tagcatgg"
"CCGGplate5","B01","ttcaga / ggttgt"
"CCGGplate5","B02","taggaa / ggttgt"
"CCGGplate5","B03","gctcta / ggttgt"
"CCGGplate5","B04","ccacaa / ggttgt"
"CCGGplate5","B05","tgcga / ggttgt"
"CCGGplate5","B06","cttcca / ggttgt"
"CCGGplate5","B07","gagata / ggttgt"
"CCGGplate5","B08","atgcct / ggttgt"
"CCGGplate5","B09","tattttt / ggttgt"
"CCGGplate5","B10","cttgctt / ggttgt"
"CCGGplate5","B11","atgaaag / ggttgt"
"CCGGplate5","B12","aaaagtt / ggttgt"
"CCGGplate5","C01","ttcaga / taggccat"
"CCGGplate5","C02","taggaa / taggccat"
"CCGGplate5","C03","gctcta / taggccat"
"CCGGplate5","C04","ccacaa / taggccat"
"CCGGplate5","C05","tgcga / taggccat"
"CCGGplate5","C06","cttcca / taggccat"
"CCGGplate5","C07","gagata / taggccat"
"CCGGplate5","C08","atgcct / taggccat"
"CCGGplate5","C09","tattttt / taggccat"
"CCGGplate5","C10","cttgctt / taggccat"
"CCGGplate5","C11","atgaaag / taggccat"
"CCGGplate5","C12","aaaagtt / taggccat"
"CCGGplate5","D01","ttcaga / ttcctgga"
"CCGGplate5","D02","taggaa / ttcctgga"
"CCGGplate5","D03","gctcta / ttcctgga"
"CCGGplate5","D04","ccacaa / ttcctgga"
"CCGGplate5","D05","tgcga / ttcctgga"
"CCGGplate5","D06","cttcca / ttcctgga"
"CCGGplate5","D07","gagata / ttcctgga"
"CCGGplate5","D08","atgcct / ttcctgga"
"CCGGplate5","D09","tattttt / ttcctgga"
"CCGGplate5","D10","cttgctt / ttcctgga"
"CCGGplate5","D11","atgaaag / ttcctgga"
"CCGGplate5","D12","aaaagtt / ttcctgga"
"CCGGplate5","E01","ttcaga / tggtacgt"
"CCGGplate5","E02","taggaa / tggtacgt"
"CCGGplate5","E03","gctcta / tggtacgt"
"CCGGplate5","E04","ccacaa / tggtacgt"
"CCGGplate5","E05","tgcga / tggtacgt"
"CCGGplate5","E06","cttcca / tggtacgt"
"CCGGplate5","E07","gagata / tggtacgt"
"CCGGplate5","E08","atgcct / tggtacgt"
"CCGGplate5","E09","tattttt / tggtacgt"
"CCGGplate5","E10","cttgctt / tggtacgt"
"CCGGplate5","E11","atgaaag / tggtacgt"
"CCGGplate5","E12","aaaagtt / tggtacgt"
"CCGGplate5","F01","ttcaga / tctcagtg"
"CCGGplate5","F02","taggaa / tctcagtg"
"CCGGplate5","F03","gctcta / tctcagtg"
"CCGGplate5","F04","ccacaa / tctcagtg"
"CCGGplate5","F05","tgcga / tctcagtg"
"CCGGplate5","F06","cttcca / tctcagtg"
"CCGGplate5","F07","gagata / tctcagtg"
"CCGGplate5","F08","atgcct / tctcagtg"
"CCGGplate5","F09","tattttt / tctcagtg"
"CCGGplate5","F10","cttgctt / tctcagtg"
"CCGGplate5","F11","atgaaag / tctcagtg"
"CCGGplate5","F12","aaaagtt / tctcagtg"
"CCGGplate5","G01","ttcaga / ccggatat"
"CCGGplate5","G02","taggaa / ccggatat"
"CCGGplate5","G03","gctcta / ccggatat"
"CCGGplate5","G04","ccacaa / ccggatat"
"CCGGplate5","G05","tgcga / ccggatat"
"CCGGplate5","G06","cttcca / ccggatat"
"CCGGplate5","G07","gagata / ccggatat"
"CCGGplate5","G08","atgcct / ccggatat"
"CCGGplate5","G09","tattttt / ccggatat"
"CCGGplate5","G10","cttgctt / ccggatat"
"CCGGplate5","G11","atgaaag / ccggatat"
"CCGGplate5","G12","aaaagtt / ccggatat"
"CCGGplate5","H01","ttcaga / cgccttat"
"CCGGplate5","H02","taggaa / cgccttat"
"CCGGplate5","H03","gctcta / cgccttat"
"CCGGplate5","H04","ccacaa / cgccttat"
"CCGGplate5","H05","tgcga / cgccttat"
"CCGGplate5","H06","cttcca / cgccttat"
"CCGGplate5","H07","gagata / cgccttat"
"CCGGplate5","H08","atgcct / cgccttat"
"CCGGplate5","H09","tattttt / cgccttat"
"CCGGplate5","H10","cttgctt / cgccttat"
"CCGGplate5","H11","atgaaag / cgccttat"
"CCGGplate5","H12","aaaagtt / cgccttat"
"CCGGplate6","A01","ttcaga / tcaat"
"CCGGplate6","A02","taggaa / tcaat"
"CCGGplate6","A03","gctcta / tcaat"
"CCGGplate6","A04","ccacaa / tcaat"
"CCGGplate6","A05","tgcga / tcaat"
"CCGGplate6","A06","cttcca / tcaat"
"CCGGplate6","A07","gagata / tcaat"
"CCGGplate6","A08","atgcct / tcaat"
"CCGGplate6","A09","tattttt / tcaat"
"CCGGplate6","A10","cttgctt / tcaat"
"CCGGplate6","A11","atgaaag / tcaat"
"CCGGplate6","A12","aaaagtt / tcaat"
"CCGGplate6","B01","ttcaga / agatg"
"CCGGplate6","B02","taggaa / agatg"
"CCGGplate6","B03","gctcta / agatg"
"CCGGplate6","B04","ccacaa / agatg"
"CCGGplate6","B05","tgcga / agatg"
"CCGGplate6","B06","cttcca / agatg"
"CCGGplate6","B07","gagata / agatg"
"CCGGplate6","B08","atgcct / agatg"
"CCGGplate6","B09","tattttt / agatg"
"CCGGplate6","B10","cttgctt / agatg"
"CCGGplate6","B11","atgaaag / agatg"
"CCGGplate6","B12","aaaagtt / agatg"
"CCGGplate6","C01","ttcaga / ctagg"
"CCGGplate6","C02","taggaa / ctagg"
"CCGGplate6","C03","gctcta / ctagg"
"CCGGplate6","C04","ccacaa / ctagg"
"CCGGplate6","C05","tgcga / ctagg"
"CCGGplate6","C06","cttcca / ctagg"
"CCGGplate6","C07","gagata / ctagg"
"CCGGplate6","C08","atgcct / ctagg"
"CCGGplate6","C09","tattttt / ctagg"
"CCGGplate6","C10","cttgctt / ctagg"
"CCGGplate6","C11","atgaaag / ctagg"
"CCGGplate6","C12","aaaagtt / ctagg"
"CCGGplate6","D01","ttcaga / tcctc"
"CCGGplate6","D02","taggaa / tcctc"
"CCGGplate6","D03","gctcta / tcctc"
"CCGGplate6","D04","ccacaa / tcctc"
"CCGGplate6","D05","tgcga / tcctc"
"CCGGplate6","D06","cttcca / tcctc"
"CCGGplate6","D07","gagata / tcctc"
"CCGGplate6","D08","atgcct / tcctc"
"CCGGplate6","D09","tattttt / tcctc"
"CCGGplate6","D10","cttgctt / tcctc"
"CCGGplate6","D11","atgaaag / tcctc"
"CCGGplate6","D12","aaaagtt / tcctc"
"CCGGplate6","E01","ttcaga / cttcc"
"CCGGplate6","E02","taggaa / cttcc"
"CCGGplate6","E03","gctcta / cttcc"
"CCGGplate6","E04","ccacaa / cttcc"
"CCGGplate6","E05","tgcga / cttcc"
"CCGGplate6","E06","cttcca / cttcc"
"CCGGplate6","E07","gagata / cttcc"
"CCGGplate6","E08","atgcct / cttcc"
"CCGGplate6","E09","tattttt / cttcc"
"CCGGplate6","E10","cttgctt / cttcc"
"CCGGplate6","E11","atgaaag / cttcc"
"CCGGplate6","E12","aaaagtt / cttcc"
"CCGGplate6","F01","ttcaga / ttgac"
"CCGGplate6","F02","taggaa / ttgac"
"CCGGplate6","F03","gctcta / ttgac"
"CCGGplate6","F04","ccacaa / ttgac"
"CCGGplate6","F05","tgcga / ttgac"
"CCGGplate6","F06","cttcca / ttgac"
"CCGGplate6","F07","gagata / ttgac"
"CCGGplate6","F08","atgcct / ttgac"
"CCGGplate6","F09","tattttt / ttgac"
"CCGGplate6","F10","cttgctt / ttgac"
"CCGGplate6","F11","atgaaag / ttgac"
"CCGGplate6","F12","aaaagtt / ttgac"
"CCGGplate6","G01","ttcaga / tatta"
"CCGGplate6","G02","taggaa / tatta"
"CCGGplate6","G03","gctcta / tatta"
"CCGGplate6","G04","ccacaa / tatta"
"CCGGplate6","G05","tgcga / tatta"
"CCGGplate6","G06","cttcca / tatta"
"CCGGplate6","G07","gagata / tatta"
"CCGGplate6","G08","atgcct / tatta"
"CCGGplate6","G09","tattttt / tatta"
"CCGGplate6","G10","cttgctt / tatta"
"CCGGplate6","G11","atgaaag / tatta"
"CCGGplate6","G12","aaaagtt / tatta"
"CCGGplate6","H01","ttcaga / atgta"
"CCGGplate6","H02","taggaa / atgta"
"CCGGplate6","H03","gctcta / atgta"
"CCGGplate6","H04","ccacaa / atgta"
"CCGGplate6","H05","tgcga / atgta"
"CCGGplate6","H06","cttcca / atgta"
"CCGGplate6","H07","gagata / atgta"
"CCGGplate6","H08","atgcct / atgta"
"CCGGplate6","H09","tattttt / atgta"
"CCGGplate6","H10","cttgctt / atgta"
"CCGGplate6","H11","atgaaag / atgta"
"CCGGplate6","H12","aaaagtt / atgta"
"PstIAdapterPlate1","A01","CTCG / ATGAAAG"
"PstIAdapterPlate1","A02","TGCA / ATGAAAG"
"PstIAdapterPlate1","A03","ACTA / ATGAAAG"
"PstIAdapterPlate1","A04","CAGA / ATGAAAG"
"PstIAdapterPlate1","A05","AACT / ATGAAAG"
"PstIAdapterPlate1","A06","GCGT / ATGAAAG"
"PstIAdapterPlate1","A07","CGAT / ATGAAAG"
"PstIAdapterPlate1","A08","GTAA / ATGAAAG"
"PstIAdapterPlate1","A09","AGGG / ATGAAAG"
"PstIAdapterPlate1","A10","GATG / ATGAAAG"
"PstIAdapterPlate1","A11","TCAG / ATGAAAG"
"PstIAdapterPlate1","A12","TGCG / ATGAAAG"
"PstIAdapterPlate1","B01","CGCTT / CTCG"
"PstIAdapterPlate1","B02","TCACG / CTCG"
"PstIAdapterPlate1","B03","CTAGG / CTCG"
"PstIAdapterPlate1","B04","ACAAA / CTCG"
"PstIAdapterPlate1","B05","TTCTG / CTCG"
"PstIAdapterPlate1","B06","AGCCG / CTCG"
"PstIAdapterPlate1","B07","GTATT / CTCG"
"PstIAdapterPlate1","B08","CTGTA / CTCG"
"PstIAdapterPlate1","B09","ACCGT / CTCG"
"PstIAdapterPlate1","B10","GCTTA / CTCG"
"PstIAdapterPlate1","B11","GGTGT / CTCG"
"PstIAdapterPlate1","B12","AGGAT / CTCG"
"PstIAdapterPlate1","C01","ATTGA / ACGACTAG"
"PstIAdapterPlate1","C02","CATCT / ACGACTAG"
"PstIAdapterPlate1","C03","CCTAG / ACGACTAG"
"PstIAdapterPlate1","C04","GAGGA / ACGACTAG"
"PstIAdapterPlate1","C05","GGAAG / ACGACTAG"
"PstIAdapterPlate1","C06","GTCAA / ACGACTAG"
"PstIAdapterPlate1","C07","TAATA / ACGACTAG"
"PstIAdapterPlate1","C08","TACAT / ACGACTAG"
"PstIAdapterPlate1","C09","TCGTT / ACGACTAG"
"PstIAdapterPlate1","C10","GGTTGT / ACGACTAG"
"PstIAdapterPlate1","C11","CCAGCT / ACGACTAG"
"PstIAdapterPlate1","C12","TTCAGA / ACGACTAG"
"PstIAdapterPlate1","D01","TAGGAA / ACTA"
"PstIAdapterPlate1","D02","GCTCTA / ACTA"
"PstIAdapterPlate1","D03","CCACAA / ACTA"
"PstIAdapterPlate1","D04","CTTCCA / ACTA"
"PstIAdapterPlate1","D05","GAGATA / ACTA"
"PstIAdapterPlate1","D06","ATGCCT / ACTA"
"PstIAdapterPlate1","D07","AGTGGA / ACTA"
"PstIAdapterPlate1","D08","ACCTAA / ACTA"
"PstIAdapterPlate1","D09","ATATGT / ACTA"
"PstIAdapterPlate1","D10","ATCGTA / ACTA"
"PstIAdapterPlate1","D11","CATCGT / ACTA"
"PstIAdapterPlate1","D12","CGCGGT / ACTA"
"PstIAdapterPlate1","E01","CTATTA / TGCGA"
"PstIAdapterPlate1","E02","GCCAGT / TGCGA"
"PstIAdapterPlate1","E03","GGAAGA / TGCGA"
"PstIAdapterPlate1","E04","GTACTT / TGCGA"
"PstIAdapterPlate1","E05","GTTGAA / TGCGA"
"PstIAdapterPlate1","E06","TAACGA / TGCGA"
"PstIAdapterPlate1","E07","TGGCTA / TGCGA"
"PstIAdapterPlate1","E08","TATTTTT / TGCGA"
"PstIAdapterPlate1","E09","CTTGCTT / TGCGA"
"PstIAdapterPlate1","E10","ATGAAAG / TGCGA"
"PstIAdapterPlate1","E11","AAAAGTT / TGCGA"
"PstIAdapterPlate1","E12","GAATTCA / TGCGA"
"PstIAdapterPlate1","F01","GAACTTG / CGCTT"
"PstIAdapterPlate1","F02","GGACCTA / CGCTT"
"PstIAdapterPlate1","F03","GTCGATT / CGCTT"
"PstIAdapterPlate1","F04","AACGCCT / CGCTT"
"PstIAdapterPlate1","F05","AATATGG / CGCTT"
"PstIAdapterPlate1","F06","ACGTGTT / CGCTT"
"PstIAdapterPlate1","F07","ATTAATT / CGCTT"
"PstIAdapterPlate1","F08","ATTGGAT / CGCTT"
"PstIAdapterPlate1","F09","CATAAGT / CGCTT"
"PstIAdapterPlate1","F10","CGCTGAT / CGCTT"
"PstIAdapterPlate1","F11","CGGTAGA / CGCTT"
"PstIAdapterPlate1","F12","CTACGGA / CGCTT"
"PstIAdapterPlate1","G01","GCGGAAT / GGTTGT"
"PstIAdapterPlate1","G02","TAGCGGA / GGTTGT"
"PstIAdapterPlate1","G03","TCGAAGA / GGTTGT"
"PstIAdapterPlate1","G04","TCTGTGA / GGTTGT"
"PstIAdapterPlate1","G05","TGCTGGA / GGTTGT"
"PstIAdapterPlate1","G06","ACGACTAG / GGTTGT"
"PstIAdapterPlate1","G07","TAGCATGG / GGTTGT"
"PstIAdapterPlate1","G08","TAGGCCAT / GGTTGT"
"PstIAdapterPlate1","G09","TGCAAGGA / GGTTGT"
"PstIAdapterPlate1","G10","TGGTACGT / GGTTGT"
"PstIAdapterPlate1","G11","TCTCAGTG / GGTTGT"
"PstIAdapterPlate1","G12","CCGGATAT / GGTTGT"
"PstIAdapterPlate1","H01","CGCCTTAT / CCAGCT"
"PstIAdapterPlate1","H02","AACCGAGA / CCAGCT"
"PstIAdapterPlate1","H03","ACAGGGAA / CCAGCT"
"PstIAdapterPlate1","H04","ACGTGGTA / CCAGCT"
"PstIAdapterPlate1","H05","CCATGGGT / CCAGCT"
"PstIAdapterPlate1","H06","CGCGGAGA / CCAGCT"
"PstIAdapterPlate1","H07","CGTGTGGT / CCAGCT"
"PstIAdapterPlate1","H08","GCTGTGGA / CCAGCT"
"PstIAdapterPlate1","H09","GGATTGGT / CCAGCT"
"PstIAdapterPlate1","H10","GTGAGGGT / CCAGCT"
"PstIAdapterPlate1","H11","TATCGGGA / CCAGCT"
"PstIAdapterPlate1","H12","TTCCTGGA / CCAGCT"
"PstIAdapterPlate2","A01","CTCG / CCAGCT"
"PstIAdapterPlate2","A02","TGCA / CCAGCT"
"PstIAdapterPlate2","A03","ACTA / CCAGCT"
"PstIAdapterPlate2","A04","CAGA / CCAGCT"
"PstIAdapterPlate2","A05","AACT / CCAGCT"
"PstIAdapterPlate2","A06","GCGT / CCAGCT"
"PstIAdapterPlate2","A07","CGAT / CCAGCT"
"PstIAdapterPlate2","A08","GTAA / CCAGCT"
"PstIAdapterPlate2","A09","AGGG / CCAGCT"
"PstIAdapterPlate2","A10","GATG / CCAGCT"
"PstIAdapterPlate2","A11","TCAG / CCAGCT"
"PstIAdapterPlate2","A12","TGCG / CCAGCT"
"PstIAdapterPlate2","B01","CGCTT / ATGAAAG"
"PstIAdapterPlate2","B02","TCACG / ATGAAAG"
"PstIAdapterPlate2","B03","CTAGG / ATGAAAG"
"PstIAdapterPlate2","B04","ACAAA / ATGAAAG"
"PstIAdapterPlate2","B05","TTCTG / ATGAAAG"
"PstIAdapterPlate2","B06","AGCCG / ATGAAAG"
"PstIAdapterPlate2","B07","GTATT / ATGAAAG"
"PstIAdapterPlate2","B08","CTGTA / ATGAAAG"
"PstIAdapterPlate2","B09","ACCGT / ATGAAAG"
"PstIAdapterPlate2","B10","GCTTA / ATGAAAG"
"PstIAdapterPlate2","B11","GGTGT / ATGAAAG"
"PstIAdapterPlate2","B12","AGGAT / ATGAAAG"
"PstIAdapterPlate2","C01","ATTGA / CTCG"
"PstIAdapterPlate2","C02","CATCT / CTCG"
"PstIAdapterPlate2","C03","CCTAG / CTCG"
"PstIAdapterPlate2","C04","GAGGA / CTCG"
"PstIAdapterPlate2","C05","GGAAG / CTCG"
"PstIAdapterPlate2","C06","GTCAA / CTCG"
"PstIAdapterPlate2","C07","TAATA / CTCG"
"PstIAdapterPlate2","C08","TACAT / CTCG"
"PstIAdapterPlate2","C09","TCGTT / CTCG"
"PstIAdapterPlate2","C10","GGTTGT / CTCG"
"PstIAdapterPlate2","C11","CCAGCT / CTCG"
"PstIAdapterPlate2","C12","TTCAGA / CTCG"
"PstIAdapterPlate2","D01","TAGGAA / ACGACTAG"
"PstIAdapterPlate2","D02","GCTCTA / ACGACTAG"
"PstIAdapterPlate2","D03","CCACAA / ACGACTAG"
"PstIAdapterPlate2","D04","CTTCCA / ACGACTAG"
"PstIAdapterPlate2","D05","GAGATA / ACGACTAG"
"PstIAdapterPlate2","D06","ATGCCT / ACGACTAG"
"PstIAdapterPlate2","D07","AGTGGA / ACGACTAG"
"PstIAdapterPlate2","D08","ACCTAA / ACGACTAG"
"PstIAdapterPlate2","D09","ATATGT / ACGACTAG"
"PstIAdapterPlate2","D10","ATCGTA / ACGACTAG"
"PstIAdapterPlate2","D11","CATCGT / ACGACTAG"
"PstIAdapterPlate2","D12","CGCGGT / ACGACTAG"
"PstIAdapterPlate2","E01","CTATTA / ACTA"
"PstIAdapterPlate2","E02","GCCAGT / ACTA"
"PstIAdapterPlate2","E03","GGAAGA / ACTA"
"PstIAdapterPlate2","E04","GTACTT / ACTA"
"PstIAdapterPlate2","E05","GTTGAA / ACTA"
"PstIAdapterPlate2","E06","TAACGA / ACTA"
"PstIAdapterPlate2","E07","TGGCTA / ACTA"
"PstIAdapterPlate2","E08","TATTTTT / ACTA"
"PstIAdapterPlate2","E09","CTTGCTT / ACTA"
"PstIAdapterPlate2","E10","ATGAAAG / ACTA"
"PstIAdapterPlate2","E11","AAAAGTT / ACTA"
"PstIAdapterPlate2","E12","GAATTCA / ACTA"
"PstIAdapterPlate2","F01","GAACTTG / TGCGA"
"PstIAdapterPlate2","F02","GGACCTA / TGCGA"
"PstIAdapterPlate2","F03","GTCGATT / TGCGA"
"PstIAdapterPlate2","F04","AACGCCT / TGCGA"
"PstIAdapterPlate2","F05","AATATGG / TGCGA"
"PstIAdapterPlate2","F06","ACGTGTT / TGCGA"
"PstIAdapterPlate2","F07","ATTAATT / TGCGA"
"PstIAdapterPlate2","F08","ATTGGAT / TGCGA"
"PstIAdapterPlate2","F09","CATAAGT / TGCGA"
"PstIAdapterPlate2","F10","CGCTGAT / TGCGA"
"PstIAdapterPlate2","F11","CGGTAGA / TGCGA"
"PstIAdapterPlate2","F12","CTACGGA / TGCGA"
"PstIAdapterPlate2","G01","GCGGAAT / CGCTT"
"PstIAdapterPlate2","G02","TAGCGGA / CGCTT"
"PstIAdapterPlate2","G03","TCGAAGA / CGCTT"
"PstIAdapterPlate2","G04","TCTGTGA / CGCTT"
"PstIAdapterPlate2","G05","TGCTGGA / CGCTT"
"PstIAdapterPlate2","G06","ACGACTAG / CGCTT"
"PstIAdapterPlate2","G07","TAGCATGG / CGCTT"
"PstIAdapterPlate2","G08","TAGGCCAT / CGCTT"
"PstIAdapterPlate2","G09","TGCAAGGA / CGCTT"
"PstIAdapterPlate2","G10","TGGTACGT / CGCTT"
"PstIAdapterPlate2","G11","TCTCAGTG / CGCTT"
"PstIAdapterPlate2","G12","CCGGATAT / CGCTT"
"PstIAdapterPlate2","H01","CGCCTTAT / GGTTGT"
"PstIAdapterPlate2","H02","AACCGAGA / GGTTGT"
"PstIAdapterPlate2","H03","ACAGGGAA / GGTTGT"
"PstIAdapterPlate2","H04","ACGTGGTA / GGTTGT"
"PstIAdapterPlate2","H05","CCATGGGT / GGTTGT"
"PstIAdapterPlate2","H06","CGCGGAGA / GGTTGT"
"PstIAdapterPlate2","H07","CGTGTGGT / GGTTGT"
"PstIAdapterPlate2","H08","GCTGTGGA / GGTTGT"
"PstIAdapterPlate2","H09","GGATTGGT / GGTTGT"
"PstIAdapterPlate2","H10","GTGAGGGT / GGTTGT"
"PstIAdapterPlate2","H11","TATCGGGA / GGTTGT"
"PstIAdapterPlate2","H12","TTCCTGGA / GGTTGT"
"PstIAdapterPlate3","A01","CTCG / GGTTGT"
"PstIAdapterPlate3","A02","TGCA / GGTTGT"
"PstIAdapterPlate3","A03","ACTA / GGTTGT"
"PstIAdapterPlate3","A04","CAGA / GGTTGT"
"PstIAdapterPlate3","A05","AACT / GGTTGT"
"PstIAdapterPlate3","A06","GCGT / GGTTGT"
"PstIAdapterPlate3","A07","CGAT / GGTTGT"
"PstIAdapterPlate3","A08","GTAA / GGTTGT"
"PstIAdapterPlate3","A09","AGGG / GGTTGT"
"PstIAdapterPlate3","A10","GATG / GGTTGT"
"PstIAdapterPlate3","A11","TCAG / GGTTGT"
"PstIAdapterPlate3","A12","TGCG / GGTTGT"
"PstIAdapterPlate3","B01","CGCTT / CCAGCT"
"PstIAdapterPlate3","B02","TCACG / CCAGCT"
"PstIAdapterPlate3","B03","CTAGG / CCAGCT"
"PstIAdapterPlate3","B04","ACAAA / CCAGCT"
"PstIAdapterPlate3","B05","TTCTG / CCAGCT"
"PstIAdapterPlate3","B06","AGCCG / CCAGCT"
"PstIAdapterPlate3","B07","GTATT / CCAGCT"
"PstIAdapterPlate3","B08","CTGTA / CCAGCT"
"PstIAdapterPlate3","B09","ACCGT / CCAGCT"
"PstIAdapterPlate3","B10","GCTTA / CCAGCT"
"PstIAdapterPlate3","B11","GGTGT / CCAGCT"
"PstIAdapterPlate3","B12","AGGAT / CCAGCT"
"PstIAdapterPlate3","C01","ATTGA / ATGAAAG"
"PstIAdapterPlate3","C02","CATCT / ATGAAAG"
"PstIAdapterPlate3","C03","CCTAG / ATGAAAG"
"PstIAdapterPlate3","C04","GAGGA / ATGAAAG"
"PstIAdapterPlate3","C05","GGAAG / ATGAAAG"
"PstIAdapterPlate3","C06","GTCAA / ATGAAAG"
"PstIAdapterPlate3","C07","TAATA / ATGAAAG"
"PstIAdapterPlate3","C08","TACAT / ATGAAAG"
"PstIAdapterPlate3","C09","TCGTT / ATGAAAG"
"PstIAdapterPlate3","C10","GGTTGT / ATGAAAG"
"PstIAdapterPlate3","C11","CCAGCT / ATGAAAG"
"PstIAdapterPlate3","C12","TTCAGA / ATGAAAG"
"PstIAdapterPlate3","D01","TAGGAA / CTCG"
"PstIAdapterPlate3","D02","GCTCTA / CTCG"
"PstIAdapterPlate3","D03","CCACAA / CTCG"
"PstIAdapterPlate3","D04","CTTCCA / CTCG"
"PstIAdapterPlate3","D05","GAGATA / CTCG"
"PstIAdapterPlate3","D06","ATGCCT / CTCG"
"PstIAdapterPlate3","D07","AGTGGA / CTCG"
"PstIAdapterPlate3","D08","ACCTAA / CTCG"
"PstIAdapterPlate3","D09","ATATGT / CTCG"
"PstIAdapterPlate3","D10","ATCGTA / CTCG"
"PstIAdapterPlate3","D11","CATCGT / CTCG"
"PstIAdapterPlate3","D12","CGCGGT / CTCG"
"PstIAdapterPlate3","E01","CTATTA / ACGACTAG"
"PstIAdapterPlate3","E02","GCCAGT / ACGACTAG"
"PstIAdapterPlate3","E03","GGAAGA / ACGACTAG"
"PstIAdapterPlate3","E04","GTACTT / ACGACTAG"
"PstIAdapterPlate3","E05","GTTGAA / ACGACTAG"
"PstIAdapterPlate3","E06","TAACGA / ACGACTAG"
"PstIAdapterPlate3","E07","TGGCTA / ACGACTAG"
"PstIAdapterPlate3","E08","TATTTTT / ACGACTAG"
"PstIAdapterPlate3","E09","CTTGCTT / ACGACTAG"
"PstIAdapterPlate3","E10","ATGAAAG / ACGACTAG"
"PstIAdapterPlate3","E11","AAAAGTT / ACGACTAG"
"PstIAdapterPlate3","E12","GAATTCA / ACGACTAG"
"PstIAdapterPlate3","F01","GAACTTG / ACTA"
"PstIAdapterPlate3","F02","GGACCTA / ACTA"
"PstIAdapterPlate3","F03","GTCGATT / ACTA"
"PstIAdapterPlate3","F04","AACGCCT / ACTA"
"PstIAdapterPlate3","F05","AATATGG / ACTA"
"PstIAdapterPlate3","F06","ACGTGTT / ACTA"
"PstIAdapterPlate3","F07","ATTAATT / ACTA"
"PstIAdapterPlate3","F08","ATTGGAT / ACTA"
"PstIAdapterPlate3","F09","CATAAGT / ACTA"
"PstIAdapterPlate3","F10","CGCTGAT / ACTA"
"PstIAdapterPlate3","F11","CGGTAGA / ACTA"
"PstIAdapterPlate3","F12","CTACGGA / ACTA"
"PstIAdapterPlate3","G01","GCGGAAT / TGCGA"
"PstIAdapterPlate3","G02","TAGCGGA / TGCGA"
"PstIAdapterPlate3","G03","TCGAAGA / TGCGA"
"PstIAdapterPlate3","G04","TCTGTGA / TGCGA"
"PstIAdapterPlate3","G05","TGCTGGA / TGCGA"
"PstIAdapterPlate3","G06","ACGACTAG / TGCGA"
"PstIAdapterPlate3","G07","TAGCATGG / TGCGA"
"PstIAdapterPlate3","G08","TAGGCCAT / TGCGA"
"PstIAdapterPlate3","G09","TGCAAGGA / TGCGA"
"PstIAdapterPlate3","G10","TGGTACGT / TGCGA"
"PstIAdapterPlate3","G11","TCTCAGTG / TGCGA"
"PstIAdapterPlate3","G12","CCGGATAT / TGCGA"
"PstIAdapterPlate3","H01","CGCCTTAT / CGCTT"
"PstIAdapterPlate3","H02","AACCGAGA / CGCTT"
"PstIAdapterPlate3","H03","ACAGGGAA / CGCTT"
"PstIAdapterPlate3","H04","ACGTGGTA / CGCTT"
"PstIAdapterPlate3","H05","CCATGGGT / CGCTT"
"PstIAdapterPlate3","H06","CGCGGAGA / CGCTT"
"PstIAdapterPlate3","H07","CGTGTGGT / CGCTT"
"PstIAdapterPlate3","H08","GCTGTGGA / CGCTT"
"PstIAdapterPlate3","H09","GGATTGGT / CGCTT"
"PstIAdapterPlate3","H10","GTGAGGGT / CGCTT"
"PstIAdapterPlate3","H11","TATCGGGA / CGCTT"
"PstIAdapterPlate3","H12","TTCCTGGA / CGCTT"
"PstIAdapterPlate4","A01","CTCG / CGCTT"
"PstIAdapterPlate4","A02","TGCA / CGCTT"
"PstIAdapterPlate4","A03","ACTA / CGCTT"
"PstIAdapterPlate4","A04","CAGA / CGCTT"
"PstIAdapterPlate4","A05","AACT / CGCTT"
"PstIAdapterPlate4","A06","GCGT / CGCTT"
"PstIAdapterPlate4","A07","CGAT / CGCTT"
"PstIAdapterPlate4","A08","GTAA / CGCTT"
"PstIAdapterPlate4","A09","AGGG / CGCTT"
"PstIAdapterPlate4","A10","GATG / CGCTT"
"PstIAdapterPlate4","A11","TCAG / CGCTT"
"PstIAdapterPlate4","A12","TGCG / CGCTT"
"PstIAdapterPlate4","B01","CGCTT / GGTTGT"
"PstIAdapterPlate4","B02","TCACG / GGTTGT"
"PstIAdapterPlate4","B03","CTAGG / GGTTGT"
"PstIAdapterPlate4","B04","ACAAA / GGTTGT"
"PstIAdapterPlate4","B05","TTCTG / GGTTGT"
"PstIAdapterPlate4","B06","AGCCG / GGTTGT"
"PstIAdapterPlate4","B07","GTATT / GGTTGT"
"PstIAdapterPlate4","B08","CTGTA / GGTTGT"
"PstIAdapterPlate4","B09","ACCGT / GGTTGT"
"PstIAdapterPlate4","B10","GCTTA / GGTTGT"
"PstIAdapterPlate4","B11","GGTGT / GGTTGT"
"PstIAdapterPlate4","B12","AGGAT / GGTTGT"
"PstIAdapterPlate4","C01","ATTGA / CCAGCT"
"PstIAdapterPlate4","C02","CATCT / CCAGCT"
"PstIAdapterPlate4","C03","CCTAG / CCAGCT"
"PstIAdapterPlate4","C04","GAGGA / CCAGCT"
"PstIAdapterPlate4","C05","GGAAG / CCAGCT"
"PstIAdapterPlate4","C06","GTCAA / CCAGCT"
"PstIAdapterPlate4","C07","TAATA / CCAGCT"
"PstIAdapterPlate4","C08","TACAT / CCAGCT"
"PstIAdapterPlate4","C09","TCGTT / CCAGCT"
"PstIAdapterPlate4","C10","GGTTGT / CCAGCT"
"PstIAdapterPlate4","C11","CCAGCT / CCAGCT"
"PstIAdapterPlate4","C12","TTCAGA / CCAGCT"
"PstIAdapterPlate4","D01","TAGGAA / ATGAAAG"
"PstIAdapterPlate4","D02","GCTCTA / ATGAAAG"
"PstIAdapterPlate4","D03","CCACAA / ATGAAAG"
"PstIAdapterPlate4","D04","CTTCCA / ATGAAAG"
"PstIAdapterPlate4","D05","GAGATA / ATGAAAG"
"PstIAdapterPlate4","D06","ATGCCT / ATGAAAG"
"PstIAdapterPlate4","D07","AGTGGA / ATGAAAG"
"PstIAdapterPlate4","D08","ACCTAA / ATGAAAG"
"PstIAdapterPlate4","D09","ATATGT / ATGAAAG"
"PstIAdapterPlate4","D10","ATCGTA / ATGAAAG"
"PstIAdapterPlate4","D11","CATCGT / ATGAAAG"
"PstIAdapterPlate4","D12","CGCGGT / ATGAAAG"
"PstIAdapterPlate4","E01","CTATTA / CTCG"
"PstIAdapterPlate4","E02","GCCAGT / CTCG"
"PstIAdapterPlate4","E03","GGAAGA / CTCG"
"PstIAdapterPlate4","E04","GTACTT / CTCG"
"PstIAdapterPlate4","E05","GTTGAA / CTCG"
"PstIAdapterPlate4","E06","TAACGA / CTCG"
"PstIAdapterPlate4","E07","TGGCTA / CTCG"
"PstIAdapterPlate4","E08","TATTTTT / CTCG"
"PstIAdapterPlate4","E09","CTTGCTT / CTCG"
"PstIAdapterPlate4","E10","ATGAAAG / CTCG"
"PstIAdapterPlate4","E11","AAAAGTT / CTCG"
"PstIAdapterPlate4","E12","GAATTCA / CTCG"
"PstIAdapterPlate4","F01","GAACTTG / ACGACTAG"
"PstIAdapterPlate4","F02","GGACCTA / ACGACTAG"
"PstIAdapterPlate4","F03","GTCGATT / ACGACTAG"
"PstIAdapterPlate4","F04","AACGCCT / ACGACTAG"
"PstIAdapterPlate4","F05","AATATGG / ACGACTAG"
"PstIAdapterPlate4","F06","ACGTGTT / ACGACTAG"
"PstIAdapterPlate4","F07","ATTAATT / ACGACTAG"
"PstIAdapterPlate4","F08","ATTGGAT / ACGACTAG"
"PstIAdapterPlate4","F09","CATAAGT / ACGACTAG"
"PstIAdapterPlate4","F10","CGCTGAT / ACGACTAG"
"PstIAdapterPlate4","F11","CGGTAGA / ACGACTAG"
"PstIAdapterPlate4","F12","CTACGGA / ACGACTAG"
"PstIAdapterPlate4","G01","GCGGAAT / ACTA"
"PstIAdapterPlate4","G02","TAGCGGA / ACTA"
"PstIAdapterPlate4","G03","TCGAAGA / ACTA"
"PstIAdapterPlate4","G04","TCTGTGA / ACTA"
"PstIAdapterPlate4","G05","TGCTGGA / ACTA"
"PstIAdapterPlate4","G06","ACGACTAG / ACTA"
"PstIAdapterPlate4","G07","TAGCATGG / ACTA"
"PstIAdapterPlate4","G08","TAGGCCAT / ACTA"
"PstIAdapterPlate4","G09","TGCAAGGA / ACTA"
"PstIAdapterPlate4","G10","TGGTACGT / ACTA"
"PstIAdapterPlate4","G11","TCTCAGTG / ACTA"
"PstIAdapterPlate4","G12","CCGGATAT / ACTA"
"PstIAdapterPlate4","H01","CGCCTTAT / TGCGA"
"PstIAdapterPlate4","H02","AACCGAGA / TGCGA"
"PstIAdapterPlate4","H03","ACAGGGAA / TGCGA"
"PstIAdapterPlate4","H04","ACGTGGTA / TGCGA"
"PstIAdapterPlate4","H05","CCATGGGT / TGCGA"
"PstIAdapterPlate4","H06","CGCGGAGA / TGCGA"
"PstIAdapterPlate4","H07","CGTGTGGT / TGCGA"
"PstIAdapterPlate4","H08","GCTGTGGA / TGCGA"
"PstIAdapterPlate4","H09","GGATTGGT / TGCGA"
"PstIAdapterPlate4","H10","GTGAGGGT / TGCGA"
"PstIAdapterPlate4","H11","TATCGGGA / TGCGA"
"PstIAdapterPlate4","H12","TTCCTGGA / TGCGA"
"PstIAdapterPlate5","A01","CTCG / TGCGA"
"PstIAdapterPlate5","A02","TGCA / TGCGA"
"PstIAdapterPlate5","A03","ACTA / TGCGA"
"PstIAdapterPlate5","A04","CAGA / TGCGA"
"PstIAdapterPlate5","A05","AACT / TGCGA"
"PstIAdapterPlate5","A06","GCGT / TGCGA"
"PstIAdapterPlate5","A07","CGAT / TGCGA"
"PstIAdapterPlate5","A08","GTAA / TGCGA"
"PstIAdapterPlate5","A09","AGGG / TGCGA"
"PstIAdapterPlate5","A10","GATG / TGCGA"
"PstIAdapterPlate5","A11","TCAG / TGCGA"
"PstIAdapterPlate5","A12","TGCG / TGCGA"
"PstIAdapterPlate5","B01","CGCTT / CGCTT"
"PstIAdapterPlate5","B02","TCACG / CGCTT"
"PstIAdapterPlate5","B03","CTAGG / CGCTT"
"PstIAdapterPlate5","B04","ACAAA / CGCTT"
"PstIAdapterPlate5","B05","TTCTG / CGCTT"
"PstIAdapterPlate5","B06","AGCCG / CGCTT"
"PstIAdapterPlate5","B07","GTATT / CGCTT"
"PstIAdapterPlate5","B08","CTGTA / CGCTT"
"PstIAdapterPlate5","B09","ACCGT / CGCTT"
"PstIAdapterPlate5","B10","GCTTA / CGCTT"
"PstIAdapterPlate5","B11","GGTGT / CGCTT"
"PstIAdapterPlate5","B12","AGGAT / CGCTT"
"PstIAdapterPlate5","C01","ATTGA / GGTTGT"
"PstIAdapterPlate5","C02","CATCT / GGTTGT"
"PstIAdapterPlate5","C03","CCTAG / GGTTGT"
"PstIAdapterPlate5","C04","GAGGA / GGTTGT"
"PstIAdapterPlate5","C05","GGAAG / GGTTGT"
"PstIAdapterPlate5","C06","GTCAA / GGTTGT"
"PstIAdapterPlate5","C07","TAATA / GGTTGT"
"PstIAdapterPlate5","C08","TACAT / GGTTGT"
"PstIAdapterPlate5","C09","TCGTT / GGTTGT"
"PstIAdapterPlate5","C10","GGTTGT / GGTTGT"
"PstIAdapterPlate5","C11","CCAGCT / GGTTGT"
"PstIAdapterPlate5","C12","TTCAGA / GGTTGT"
"PstIAdapterPlate5","D01","TAGGAA / CCAGCT"
"PstIAdapterPlate5","D02","GCTCTA / CCAGCT"
"PstIAdapterPlate5","D03","CCACAA / CCAGCT"
"PstIAdapterPlate5","D04","CTTCCA / CCAGCT"
"PstIAdapterPlate5","D05","GAGATA / CCAGCT"
"PstIAdapterPlate5","D06","ATGCCT / CCAGCT"
"PstIAdapterPlate5","D07","AGTGGA / CCAGCT"
"PstIAdapterPlate5","D08","ACCTAA / CCAGCT"
"PstIAdapterPlate5","D09","ATATGT / CCAGCT"
"PstIAdapterPlate5","D10","ATCGTA / CCAGCT"
"PstIAdapterPlate5","D11","CATCGT / CCAGCT"
"PstIAdapterPlate5","D12","CGCGGT / CCAGCT"
"PstIAdapterPlate5","E01","CTATTA / ATGAAAG"
"PstIAdapterPlate5","E02","GCCAGT / ATGAAAG"
"PstIAdapterPlate5","E03","GGAAGA / ATGAAAG"
"PstIAdapterPlate5","E04","GTACTT / ATGAAAG"
"PstIAdapterPlate5","E05","GTTGAA / ATGAAAG"
"PstIAdapterPlate5","E06","TAACGA / ATGAAAG"
"PstIAdapterPlate5","E07","TGGCTA / ATGAAAG"
"PstIAdapterPlate5","E08","TATTTTT / ATGAAAG"
"PstIAdapterPlate5","E09","CTTGCTT / ATGAAAG"
"PstIAdapterPlate5","E10","ATGAAAG / ATGAAAG"
"PstIAdapterPlate5","E11","AAAAGTT / ATGAAAG"
"PstIAdapterPlate5","E12","GAATTCA / ATGAAAG"
"PstIAdapterPlate5","F01","GAACTTG / CTCG"
"PstIAdapterPlate5","F02","GGACCTA / CTCG"
"PstIAdapterPlate5","F03","GTCGATT / CTCG"
"PstIAdapterPlate5","F04","AACGCCT / CTCG"
"PstIAdapterPlate5","F05","AATATGG / CTCG"
"PstIAdapterPlate5","F06","ACGTGTT / CTCG"
"PstIAdapterPlate5","F07","ATTAATT / CTCG"
"PstIAdapterPlate5","F08","ATTGGAT / CTCG"
"PstIAdapterPlate5","F09","CATAAGT / CTCG"
"PstIAdapterPlate5","F10","CGCTGAT / CTCG"
"PstIAdapterPlate5","F11","CGGTAGA / CTCG"
"PstIAdapterPlate5","F12","CTACGGA / CTCG"
"PstIAdapterPlate5","G01","GCGGAAT / ACGACTAG"
"PstIAdapterPlate5","G02","TAGCGGA / ACGACTAG"
"PstIAdapterPlate5","G03","TCGAAGA / ACGACTAG"
"PstIAdapterPlate5","G04","TCTGTGA / ACGACTAG"
"PstIAdapterPlate5","G05","TGCTGGA / ACGACTAG"
"PstIAdapterPlate5","G06","ACGACTAG / ACGACTAG"
"PstIAdapterPlate5","G07","TAGCATGG / ACGACTAG"
"PstIAdapterPlate5","G08","TAGGCCAT / ACGACTAG"
"PstIAdapterPlate5","G09","TGCAAGGA / ACGACTAG"
"PstIAdapterPlate5","G10","TGGTACGT / ACGACTAG"
"PstIAdapterPlate5","G11","TCTCAGTG / ACGACTAG"
"PstIAdapterPlate5","G12","CCGGATAT / ACGACTAG"
"PstIAdapterPlate5","H01","CGCCTTAT / ACTA"
"PstIAdapterPlate5","H02","AACCGAGA / ACTA"
"PstIAdapterPlate5","H03","ACAGGGAA / ACTA"
"PstIAdapterPlate5","H04","ACGTGGTA / ACTA"
"PstIAdapterPlate5","H05","CCATGGGT / ACTA"
"PstIAdapterPlate5","H06","CGCGGAGA / ACTA"
"PstIAdapterPlate5","H07","CGTGTGGT / ACTA"
"PstIAdapterPlate5","H08","GCTGTGGA / ACTA"
"PstIAdapterPlate5","H09","GGATTGGT / ACTA"
"PstIAdapterPlate5","H10","GTGAGGGT / ACTA"
"PstIAdapterPlate5","H11","TATCGGGA / ACTA"
"PstIAdapterPlate5","H12","TTCCTGGA / ACTA"
"PstIAdapterPlate6","A01","CTCG / ACTA"
"PstIAdapterPlate6","A02","TGCA / ACTA"
"PstIAdapterPlate6","A03","ACTA / ACTA"
"PstIAdapterPlate6","A04","CAGA / ACTA"
"PstIAdapterPlate6","A05","AACT / ACTA"
"PstIAdapterPlate6","A06","GCGT / ACTA"
"PstIAdapterPlate6","A07","CGAT / ACTA"
"PstIAdapterPlate6","A08","GTAA / ACTA"
"PstIAdapterPlate6","A09","AGGG / ACTA"
"PstIAdapterPlate6","A10","GATG / ACTA"
"PstIAdapterPlate6","A11","TCAG / ACTA"
"PstIAdapterPlate6","A12","TGCG / ACTA"
"PstIAdapterPlate6","B01","CGCTT / TGCGA"
"PstIAdapterPlate6","B02","TCACG / TGCGA"
"PstIAdapterPlate6","B03","CTAGG / TGCGA"
"PstIAdapterPlate6","B04","ACAAA / TGCGA"
"PstIAdapterPlate6","B05","TTCTG / TGCGA"
"PstIAdapterPlate6","B06","AGCCG / TGCGA"
"PstIAdapterPlate6","B07","GTATT / TGCGA"
"PstIAdapterPlate6","B08","CTGTA / TGCGA"
"PstIAdapterPlate6","B09","ACCGT / TGCGA"
"PstIAdapterPlate6","B10","GCTTA / TGCGA"
"PstIAdapterPlate6","B11","GGTGT / TGCGA"
"PstIAdapterPlate6","B12","AGGAT / TGCGA"
"PstIAdapterPlate6","C01","ATTGA / CGCTT"
"PstIAdapterPlate6","C02","CATCT / CGCTT"
"PstIAdapterPlate6","C03","CCTAG / CGCTT"
"PstIAdapterPlate6","C04","GAGGA / CGCTT"
"PstIAdapterPlate6","C05","GGAAG / CGCTT"
"PstIAdapterPlate6","C06","GTCAA / CGCTT"
"PstIAdapterPlate6","C07","TAATA / CGCTT"
"PstIAdapterPlate6","C08","TACAT / CGCTT"
"PstIAdapterPlate6","C09","TCGTT / CGCTT"
"PstIAdapterPlate6","C10","GGTTGT / CGCTT"
"PstIAdapterPlate6","C11","CCAGCT / CGCTT"
"PstIAdapterPlate6","C12","TTCAGA / CGCTT"
"PstIAdapterPlate6","D01","TAGGAA / GGTTGT"
"PstIAdapterPlate6","D02","GCTCTA / GGTTGT"
"PstIAdapterPlate6","D03","CCACAA / GGTTGT"
"PstIAdapterPlate6","D04","CTTCCA / GGTTGT"
"PstIAdapterPlate6","D05","GAGATA / GGTTGT"
"PstIAdapterPlate6","D06","ATGCCT / GGTTGT"
"PstIAdapterPlate6","D07","AGTGGA / GGTTGT"
"PstIAdapterPlate6","D08","ACCTAA / GGTTGT"
"PstIAdapterPlate6","D09","ATATGT / GGTTGT"
"PstIAdapterPlate6","D10","ATCGTA / GGTTGT"
"PstIAdapterPlate6","D11","CATCGT / GGTTGT"
"PstIAdapterPlate6","D12","CGCGGT / GGTTGT"
"PstIAdapterPlate6","E01","CTATTA / CCAGCT"
"PstIAdapterPlate6","E02","GCCAGT / CCAGCT"
"PstIAdapterPlate6","E03","GGAAGA / CCAGCT"
"PstIAdapterPlate6","E04","GTACTT / CCAGCT"
"PstIAdapterPlate6","E05","GTTGAA / CCAGCT"
"PstIAdapterPlate6","E06","TAACGA / CCAGCT"
"PstIAdapterPlate6","E07","TGGCTA / CCAGCT"
"PstIAdapterPlate6","E08","TATTTTT / CCAGCT"
"PstIAdapterPlate6","E09","CTTGCTT / CCAGCT"
"PstIAdapterPlate6","E10","ATGAAAG / CCAGCT"
"PstIAdapterPlate6","E11","AAAAGTT / CCAGCT"
"PstIAdapterPlate6","E12","GAATTCA / CCAGCT"
"PstIAdapterPlate6","F01","GAACTTG / ATGAAAG"
"PstIAdapterPlate6","F02","GGACCTA / ATGAAAG"
"PstIAdapterPlate6","F03","GTCGATT / ATGAAAG"
"PstIAdapterPlate6","F04","AACGCCT / ATGAAAG"
"PstIAdapterPlate6","F05","AATATGG / ATGAAAG"
"PstIAdapterPlate6","F06","ACGTGTT / ATGAAAG"
"PstIAdapterPlate6","F07","ATTAATT / ATGAAAG"
"PstIAdapterPlate6","F08","ATTGGAT / ATGAAAG"
"PstIAdapterPlate6","F09","CATAAGT / ATGAAAG"
"PstIAdapterPlate6","F10","CGCTGAT / ATGAAAG"
"PstIAdapterPlate6","F11","CGGTAGA / ATGAAAG"
"PstIAdapterPlate6","F12","CTACGGA / ATGAAAG"
"PstIAdapterPlate6","G01","GCGGAAT / CTCG"
"PstIAdapterPlate6","G02","TAGCGGA / CTCG"
"PstIAdapterPlate6","G03","TCGAAGA / CTCG"
"PstIAdapterPlate6","G04","TCTGTGA / CTCG"
"PstIAdapterPlate6","G05","TGCTGGA / CTCG"
"PstIAdapterPlate6","G06","ACGACTAG / CTCG"
"PstIAdapterPlate6","G07","TAGCATGG / CTCG"
"PstIAdapterPlate6","G08","TAGGCCAT / CTCG"
"PstIAdapterPlate6","G09","TGCAAGGA / CTCG"
"PstIAdapterPlate6","G10","TGGTACGT / CTCG"
"PstIAdapterPlate6","G11","TCTCAGTG / CTCG"
"PstIAdapterPlate6","G12","CCGGATAT / CTCG"
"PstIAdapterPlate6","H01","CGCCTTAT / ACGACTAG"
"PstIAdapterPlate6","H02","AACCGAGA / ACGACTAG"
"PstIAdapterPlate6","H03","ACAGGGAA / ACGACTAG"
"PstIAdapterPlate6","H04","ACGTGGTA / ACGACTAG"
"PstIAdapterPlate6","H05","CCATGGGT / ACGACTAG"
"PstIAdapterPlate6","H06","CGCGGAGA / ACGACTAG"
"PstIAdapterPlate6","H07","CGTGTGGT / ACGACTAG"
"PstIAdapterPlate6","H08","GCTGTGGA / ACGACTAG"
"PstIAdapterPlate6","H09","GGATTGGT / ACGACTAG"
"PstIAdapterPlate6","H10","GTGAGGGT / ACGACTAG"
"PstIAdapterPlate6","H11","TATCGGGA / ACGACTAG"
"PstIAdapterPlate6","H12","TTCCTGGA / ACGACTAG"
"PstIAdapterPlate7","A01","CTCG / ACGACTAG"
"PstIAdapterPlate7","A02","TGCA / ACGACTAG"
"PstIAdapterPlate7","A03","ACTA / ACGACTAG"
"PstIAdapterPlate7","A04","CAGA / ACGACTAG"
"PstIAdapterPlate7","A05","AACT / ACGACTAG"
"PstIAdapterPlate7","A06","GCGT / ACGACTAG"
"PstIAdapterPlate7","A07","CGAT / ACGACTAG"
"PstIAdapterPlate7","A08","GTAA / ACGACTAG"
"PstIAdapterPlate7","A09","AGGG / ACGACTAG"
"PstIAdapterPlate7","A10","GATG / ACGACTAG"
"PstIAdapterPlate7","A11","TCAG / ACGACTAG"
"PstIAdapterPlate7","A12","TGCG / ACGACTAG"
"PstIAdapterPlate7","B01","CGCTT / ACTA"
"PstIAdapterPlate7","B02","TCACG / ACTA"
"PstIAdapterPlate7","B03","CTAGG / ACTA"
"PstIAdapterPlate7","B04","ACAAA / ACTA"
"PstIAdapterPlate7","B05","TTCTG / ACTA"
"PstIAdapterPlate7","B06","AGCCG / ACTA"
"PstIAdapterPlate7","B07","GTATT / ACTA"
"PstIAdapterPlate7","B08","CTGTA / ACTA"
"PstIAdapterPlate7","B09","ACCGT / ACTA"
"PstIAdapterPlate7","B10","GCTTA / ACTA"
"PstIAdapterPlate7","B11","GGTGT / ACTA"
"PstIAdapterPlate7","B12","AGGAT / ACTA"
"PstIAdapterPlate7","C01","ATTGA / TGCGA"
"PstIAdapterPlate7","C02","CATCT / TGCGA"
"PstIAdapterPlate7","C03","CCTAG / TGCGA"
"PstIAdapterPlate7","C04","GAGGA / TGCGA"
"PstIAdapterPlate7","C05","GGAAG / TGCGA"
"PstIAdapterPlate7","C06","GTCAA / TGCGA"
"PstIAdapterPlate7","C07","TAATA / TGCGA"
"PstIAdapterPlate7","C08","TACAT / TGCGA"
"PstIAdapterPlate7","C09","TCGTT / TGCGA"
"PstIAdapterPlate7","C10","GGTTGT / TGCGA"
"PstIAdapterPlate7","C11","CCAGCT / TGCGA"
"PstIAdapterPlate7","C12","TTCAGA / TGCGA"
"PstIAdapterPlate7","D01","TAGGAA / CGCTT"
"PstIAdapterPlate7","D02","GCTCTA / CGCTT"
"PstIAdapterPlate7","D03","CCACAA / CGCTT"
"PstIAdapterPlate7","D04","CTTCCA / CGCTT"
"PstIAdapterPlate7","D05","GAGATA / CGCTT"
"PstIAdapterPlate7","D06","ATGCCT / CGCTT"
"PstIAdapterPlate7","D07","AGTGGA / CGCTT"
"PstIAdapterPlate7","D08","ACCTAA / CGCTT"
"PstIAdapterPlate7","D09","ATATGT / CGCTT"
"PstIAdapterPlate7","D10","ATCGTA / CGCTT"
"PstIAdapterPlate7","D11","CATCGT / CGCTT"
"PstIAdapterPlate7","D12","CGCGGT / CGCTT"
"PstIAdapterPlate7","E01","CTATTA / GGTTGT"
"PstIAdapterPlate7","E02","GCCAGT / GGTTGT"
"PstIAdapterPlate7","E03","GGAAGA / GGTTGT"
"PstIAdapterPlate7","E04","GTACTT / GGTTGT"
"PstIAdapterPlate7","E05","GTTGAA / GGTTGT"
"PstIAdapterPlate7","E06","TAACGA / GGTTGT"
"PstIAdapterPlate7","E07","TGGCTA / GGTTGT"
"PstIAdapterPlate7","E08","TATTTTT / GGTTGT"
"PstIAdapterPlate7","E09","CTTGCTT / GGTTGT"
"PstIAdapterPlate7","E10","ATGAAAG / GGTTGT"
"PstIAdapterPlate7","E11","AAAAGTT / GGTTGT"
"PstIAdapterPlate7","E12","GAATTCA / GGTTGT"
"PstIAdapterPlate7","F01","GAACTTG / CCAGCT"
"PstIAdapterPlate7","F02","GGACCTA / CCAGCT"
"PstIAdapterPlate7","F03","GTCGATT / CCAGCT"
"PstIAdapterPlate7","F04","AACGCCT / CCAGCT"
"PstIAdapterPlate7","F05","AATATGG / CCAGCT"
"PstIAdapterPlate7","F06","ACGTGTT / CCAGCT"
"PstIAdapterPlate7","F07","ATTAATT / CCAGCT"
"PstIAdapterPlate7","F08","ATTGGAT / CCAGCT"
"PstIAdapterPlate7","F09","CATAAGT / CCAGCT"
"PstIAdapterPlate7","F10","CGCTGAT / CCAGCT"
"PstIAdapterPlate7","F11","CGGTAGA / CCAGCT"
"PstIAdapterPlate7","F12","CTACGGA / CCAGCT"
"PstIAdapterPlate7","G01","GCGGAAT / ATGAAAG"
"PstIAdapterPlate7","G02","TAGCGGA / ATGAAAG"
"PstIAdapterPlate7","G03","TCGAAGA / ATGAAAG"
"PstIAdapterPlate7","G04","TCTGTGA / ATGAAAG"
"PstIAdapterPlate7","G05","TGCTGGA / ATGAAAG"
"PstIAdapterPlate7","G06","ACGACTAG / ATGAAAG"
"PstIAdapterPlate7","G07","TAGCATGG / ATGAAAG"
"PstIAdapterPlate7","G08","TAGGCCAT / ATGAAAG"
"PstIAdapterPlate7","G09","TGCAAGGA / ATGAAAG"
"PstIAdapterPlate7","G10","TGGTACGT / ATGAAAG"
"PstIAdapterPlate7","G11","TCTCAGTG / ATGAAAG"
"PstIAdapterPlate7","G12","CCGGATAT / ATGAAAG"
"PstIAdapterPlate7","H01","CGCCTTAT / CTCG"
"PstIAdapterPlate7","H02","AACCGAGA / CTCG"
"PstIAdapterPlate7","H03","ACAGGGAA / CTCG"
"PstIAdapterPlate7","H04","ACGTGGTA / CTCG"
"PstIAdapterPlate7","H05","CCATGGGT / CTCG"
"PstIAdapterPlate7","H06","CGCGGAGA / CTCG"
"PstIAdapterPlate7","H07","CGTGTGGT / CTCG"
"PstIAdapterPlate7","H08","GCTGTGGA / CTCG"
"PstIAdapterPlate7","H09","GGATTGGT / CTCG"
"PstIAdapterPlate7","H10","GTGAGGGT / CTCG"
"PstIAdapterPlate7","H11","TATCGGGA / CTCG"
"PstIAdapterPlate7","H12","TTCCTGGA / CTCG"
"PstIAdapterPlate8","A01","CTCG / CTCG"
"PstIAdapterPlate8","A02","TGCA / CTCG"
"PstIAdapterPlate8","A03","ACTA / CTCG"
"PstIAdapterPlate8","A04","CAGA / CTCG"
"PstIAdapterPlate8","A05","AACT / CTCG"
"PstIAdapterPlate8","A06","GCGT / CTCG"
"PstIAdapterPlate8","A07","CGAT / CTCG"
"PstIAdapterPlate8","A08","GTAA / CTCG"
"PstIAdapterPlate8","A09","AGGG / CTCG"
"PstIAdapterPlate8","A10","GATG / CTCG"
"PstIAdapterPlate8","A11","TCAG / CTCG"
"PstIAdapterPlate8","A12","TGCG / CTCG"
"PstIAdapterPlate8","B01","CGCTT / ACGACTAG"
"PstIAdapterPlate8","B02","TCACG / ACGACTAG"
"PstIAdapterPlate8","B03","CTAGG / ACGACTAG"
"PstIAdapterPlate8","B04","ACAAA / ACGACTAG"
"PstIAdapterPlate8","B05","TTCTG / ACGACTAG"
"PstIAdapterPlate8","B06","AGCCG / ACGACTAG"
"PstIAdapterPlate8","B07","GTATT / ACGACTAG"
"PstIAdapterPlate8","B08","CTGTA / ACGACTAG"
"PstIAdapterPlate8","B09","ACCGT / ACGACTAG"
"PstIAdapterPlate8","B10","GCTTA / ACGACTAG"
"PstIAdapterPlate8","B11","GGTGT / ACGACTAG"
"PstIAdapterPlate8","B12","AGGAT / ACGACTAG"
"PstIAdapterPlate8","C01","ATTGA / ACTA"
"PstIAdapterPlate8","C02","CATCT / ACTA"
"PstIAdapterPlate8","C03","CCTAG / ACTA"
"PstIAdapterPlate8","C04","GAGGA / ACTA"
"PstIAdapterPlate8","C05","GGAAG / ACTA"
"PstIAdapterPlate8","C06","GTCAA / ACTA"
"PstIAdapterPlate8","C07","TAATA / ACTA"
"PstIAdapterPlate8","C08","TACAT / ACTA"
"PstIAdapterPlate8","C09","TCGTT / ACTA"
"PstIAdapterPlate8","C10","GGTTGT / ACTA"
"PstIAdapterPlate8","C11","CCAGCT / ACTA"
"PstIAdapterPlate8","C12","TTCAGA / ACTA"
"PstIAdapterPlate8","D01","TAGGAA / TGCGA"
"PstIAdapterPlate8","D02","GCTCTA / TGCGA"
"PstIAdapterPlate8","D03","CCACAA / TGCGA"
"PstIAdapterPlate8","D04","CTTCCA / TGCGA"
"PstIAdapterPlate8","D05","GAGATA / TGCGA"
"PstIAdapterPlate8","D06","ATGCCT / TGCGA"
"PstIAdapterPlate8","D07","AGTGGA / TGCGA"
"PstIAdapterPlate8","D08","ACCTAA / TGCGA"
"PstIAdapterPlate8","D09","ATATGT / TGCGA"
"PstIAdapterPlate8","D10","ATCGTA / TGCGA"
"PstIAdapterPlate8","D11","CATCGT / TGCGA"
"PstIAdapterPlate8","D12","CGCGGT / TGCGA"
"PstIAdapterPlate8","E01","CTATTA / CGCTT"
"PstIAdapterPlate8","E02","GCCAGT / CGCTT"
"PstIAdapterPlate8","E03","GGAAGA / CGCTT"
"PstIAdapterPlate8","E04","GTACTT / CGCTT"
"PstIAdapterPlate8","E05","GTTGAA / CGCTT"
"PstIAdapterPlate8","E06","TAACGA / CGCTT"
"PstIAdapterPlate8","E07","TGGCTA / CGCTT"
"PstIAdapterPlate8","E08","TATTTTT / CGCTT"
"PstIAdapterPlate8","E09","CTTGCTT / CGCTT"
"PstIAdapterPlate8","E10","ATGAAAG / CGCTT"
"PstIAdapterPlate8","E11","AAAAGTT / CGCTT"
"PstIAdapterPlate8","E12","GAATTCA / CGCTT"
"PstIAdapterPlate8","F01","GAACTTG / GGTTGT"
"PstIAdapterPlate8","F02","GGACCTA / GGTTGT"
"PstIAdapterPlate8","F03","GTCGATT / GGTTGT"
"PstIAdapterPlate8","F04","AACGCCT / GGTTGT"
"PstIAdapterPlate8","F05","AATATGG / GGTTGT"
"PstIAdapterPlate8","F06","ACGTGTT / GGTTGT"
"PstIAdapterPlate8","F07","ATTAATT / GGTTGT"
"PstIAdapterPlate8","F08","ATTGGAT / GGTTGT"
"PstIAdapterPlate8","F09","CATAAGT / GGTTGT"
"PstIAdapterPlate8","F10","CGCTGAT / GGTTGT"
"PstIAdapterPlate8","F11","CGGTAGA / GGTTGT"
"PstIAdapterPlate8","F12","CTACGGA / GGTTGT"
"PstIAdapterPlate8","G01","GCGGAAT / CCAGCT"
"PstIAdapterPlate8","G02","TAGCGGA / CCAGCT"
"PstIAdapterPlate8","G03","TCGAAGA / CCAGCT"
"PstIAdapterPlate8","G04","TCTGTGA / CCAGCT"
"PstIAdapterPlate8","G05","TGCTGGA / CCAGCT"
"PstIAdapterPlate8","G06","ACGACTAG / CCAGCT"
"PstIAdapterPlate8","G07","TAGCATGG / CCAGCT"
"PstIAdapterPlate8","G08","TAGGCCAT / CCAGCT"
"PstIAdapterPlate8","G09","TGCAAGGA / CCAGCT"
"PstIAdapterPlate8","G10","TGGTACGT / CCAGCT"
"PstIAdapterPlate8","G11","TCTCAGTG / CCAGCT"
"PstIAdapterPlate8","G12","CCGGATAT / CCAGCT"
"PstIAdapterPlate8","H01","CGCCTTAT / ATGAAAG"
"PstIAdapterPlate8","H02","AACCGAGA / ATGAAAG"
"PstIAdapterPlate8","H03","ACAGGGAA / ATGAAAG"
"PstIAdapterPlate8","H04","ACGTGGTA / ATGAAAG"
"PstIAdapterPlate8","H05","CCATGGGT / ATGAAAG"
"PstIAdapterPlate8","H06","CGCGGAGA / ATGAAAG"
"PstIAdapterPlate8","H07","CGTGTGGT / ATGAAAG"
"PstIAdapterPlate8","H08","GCTGTGGA / ATGAAAG"
"PstIAdapterPlate8","H09","GGATTGGT / ATGAAAG"
"PstIAdapterPlate8","H10","GTGAGGGT / ATGAAAG"
"PstIAdapterPlate8","H11","TATCGGGA / ATGAAAG"
"PstIAdapterPlate8","H12","TTCCTGGA / ATGAAAG"
"PstIAdapterPlate9","A01","CTCG / CTTGCTT"
"PstIAdapterPlate9","A02","TGCA / CTTGCTT"
"PstIAdapterPlate9","A03","ACTA / CTTGCTT"
"PstIAdapterPlate9","A04","CAGA / CTTGCTT"
"PstIAdapterPlate9","A05","AACT / CTTGCTT"
"PstIAdapterPlate9","A06","GCGT / CTTGCTT"
"PstIAdapterPlate9","A07","CGAT / CTTGCTT"
"PstIAdapterPlate9","A08","GTAA / CTTGCTT"
"PstIAdapterPlate9","A09","AGGG / CTTGCTT"
"PstIAdapterPlate9","A10","GATG / CTTGCTT"
"PstIAdapterPlate9","A11","TCAG / CTTGCTT"
"PstIAdapterPlate9","A12","TGCG / CTTGCTT"
"PstIAdapterPlate9","B01","CGCTT / CTTGCTT"
"PstIAdapterPlate9","B02","TCACG / CTTGCTT"
"PstIAdapterPlate9","B03","CTAGG / CTTGCTT"
"PstIAdapterPlate9","B04","ACAAA / CTTGCTT"
"PstIAdapterPlate9","B05","TTCTG / CTTGCTT"
"PstIAdapterPlate9","B06","AGCCG / CTTGCTT"
"PstIAdapterPlate9","B07","GTATT / CTTGCTT"
"PstIAdapterPlate9","B08","CTGTA / CTTGCTT"
"PstIAdapterPlate9","B09","ACCGT / CTTGCTT"
"PstIAdapterPlate9","B10","GCTTA / CTTGCTT"
"PstIAdapterPlate9","B11","GGTGT / CTTGCTT"
"PstIAdapterPlate9","B12","AGGAT / CTTGCTT"
"PstIAdapterPlate9","C01","ATTGA / TTCAGA"
"PstIAdapterPlate9","C02","CATCT / TTCAGA"
"PstIAdapterPlate9","C03","CCTAG / TTCAGA"
"PstIAdapterPlate9","C04","GAGGA / TTCAGA"
"PstIAdapterPlate9","C05","GGAAG / TTCAGA"
"PstIAdapterPlate9","C06","GTCAA / TTCAGA"
"PstIAdapterPlate9","C07","TAATA / TTCAGA"
"PstIAdapterPlate9","C08","TACAT / TTCAGA"
"PstIAdapterPlate9","C09","TCGTT / TTCAGA"
"PstIAdapterPlate9","C10","GGTTGT / TTCAGA"
"PstIAdapterPlate9","C11","CCAGCT / TTCAGA"
"PstIAdapterPlate9","C12","TTCAGA / TTCAGA"
"PstIAdapterPlate9","D01","TAGGAA / TTCAGA"
"PstIAdapterPlate9","D02","GCTCTA / TTCAGA"
"PstIAdapterPlate9","D03","CCACAA / TTCAGA"
"PstIAdapterPlate9","D04","CTTCCA / TTCAGA"
"PstIAdapterPlate9","D05","GAGATA / TTCAGA"
"PstIAdapterPlate9","D06","ATGCCT / TTCAGA"
"PstIAdapterPlate9","D07","AGTGGA / TTCAGA"
"PstIAdapterPlate9","D08","ACCTAA / TTCAGA"
"PstIAdapterPlate9","D09","ATATGT / TTCAGA"
"PstIAdapterPlate9","D10","ATCGTA / TTCAGA"
"PstIAdapterPlate9","D11","CATCGT / TTCAGA"
"PstIAdapterPlate9","D12","CGCGGT / TTCAGA"
"PstIAdapterPlate9","E01","CTATTA / TCACG"
"PstIAdapterPlate9","E02","GCCAGT / TCACG"
"PstIAdapterPlate9","E03","GGAAGA / TCACG"
"PstIAdapterPlate9","E04","GTACTT / TCACG"
"PstIAdapterPlate9","E05","GTTGAA / TCACG"
"PstIAdapterPlate9","E06","TAACGA / TCACG"
"PstIAdapterPlate9","E07","TGGCTA / TCACG"
"PstIAdapterPlate9","E08","TATTTTT / TCACG"
"PstIAdapterPlate9","E09","CTTGCTT / TCACG"
"PstIAdapterPlate9","E10","ATGAAAG / TCACG"
"PstIAdapterPlate9","E11","AAAAGTT / TCACG"
"PstIAdapterPlate9","E12","GAATTCA / TCACG"
"PstIAdapterPlate9","F01","GAACTTG / TCACG"
"PstIAdapterPlate9","F02","GGACCTA / TCACG"
"PstIAdapterPlate9","F03","GTCGATT / TCACG"
"PstIAdapterPlate9","F04","AACGCCT / TCACG"
"PstIAdapterPlate9","F05","AATATGG / TCACG"
"PstIAdapterPlate9","F06","ACGTGTT / TCACG"
"PstIAdapterPlate9","F07","ATTAATT / TCACG"
"PstIAdapterPlate9","F08","ATTGGAT / TCACG"
"PstIAdapterPlate9","F09","CATAAGT / TCACG"
"PstIAdapterPlate9","F10","CGCTGAT / TCACG"
"PstIAdapterPlate9","F11","CGGTAGA / TCACG"
"PstIAdapterPlate9","F12","CTACGGA / TCACG"
"PstIAdapterPlate9","G01","GCGGAAT / GCGT"
"PstIAdapterPlate9","G02","TAGCGGA / GCGT"
"PstIAdapterPlate9","G03","TCGAAGA / GCGT"
"PstIAdapterPlate9","G04","TCTGTGA / GCGT"
"PstIAdapterPlate9","G05","TGCTGGA / GCGT"
"PstIAdapterPlate9","G06","ACGACTAG / GCGT"
"PstIAdapterPlate9","G07","TAGCATGG / GCGT"
"PstIAdapterPlate9","G08","TAGGCCAT / GCGT"
"PstIAdapterPlate9","G09","TGCAAGGA / GCGT"
"PstIAdapterPlate9","G10","TGGTACGT / GCGT"
"PstIAdapterPlate9","G11","TCTCAGTG / GCGT"
"PstIAdapterPlate9","G12","CCGGATAT / GCGT"
"PstIAdapterPlate9","H01","CGCCTTAT / GCGT"
"PstIAdapterPlate9","H02","AACCGAGA / GCGT"
"PstIAdapterPlate9","H03","ACAGGGAA / GCGT"
"PstIAdapterPlate9","H04","ACGTGGTA / GCGT"
"PstIAdapterPlate9","H05","CCATGGGT / GCGT"
"PstIAdapterPlate9","H06","CGCGGAGA / GCGT"
"PstIAdapterPlate9","H07","CGTGTGGT / GCGT"
"PstIAdapterPlate9","H08","GCTGTGGA / GCGT"
"PstIAdapterPlate9","H09","GGATTGGT / GCGT"
"PstIAdapterPlate9","H10","GTGAGGGT / GCGT"
"PstIAdapterPlate9","H11","TATCGGGA / GCGT"
"PstIAdapterPlate9","H12","TTCCTGGA / GCGT"
"PstIAdapterPlate10","A01","CTCG / GCGT"
"PstIAdapterPlate10","A02","TGCA / GCGT"
"PstIAdapterPlate10","A03","ACTA / GCGT"
"PstIAdapterPlate10","A04","CAGA / GCGT"
"PstIAdapterPlate10","A05","AACT / GCGT"
"PstIAdapterPlate10","A06","GCGT / GCGT"
"PstIAdapterPlate10","A07","CGAT / GCGT"
"PstIAdapterPlate10","A08","GTAA / GCGT"
"PstIAdapterPlate10","A09","AGGG / GCGT"
"PstIAdapterPlate10","A10","GATG / GCGT"
"PstIAdapterPlate10","A11","TCAG / GCGT"
"PstIAdapterPlate10","A12","TGCG / GCGT"
"PstIAdapterPlate10","B01","CGCTT / GCGT"
"PstIAdapterPlate10","B02","TCACG / GCGT"
"PstIAdapterPlate10","B03","CTAGG / GCGT"
"PstIAdapterPlate10","B04","ACAAA / GCGT"
"PstIAdapterPlate10","B05","TTCTG / GCGT"
"PstIAdapterPlate10","B06","AGCCG / GCGT"
"PstIAdapterPlate10","B07","GTATT / GCGT"
"PstIAdapterPlate10","B08","CTGTA / GCGT"
"PstIAdapterPlate10","B09","ACCGT / GCGT"
"PstIAdapterPlate10","B10","GCTTA / GCGT"
"PstIAdapterPlate10","B11","GGTGT / GCGT"
"PstIAdapterPlate10","B12","AGGAT / GCGT"
"PstIAdapterPlate10","C01","ATTGA / CTTGCTT"
"PstIAdapterPlate10","C02","CATCT / CTTGCTT"
"PstIAdapterPlate10","C03","CCTAG / CTTGCTT"
"PstIAdapterPlate10","C04","GAGGA / CTTGCTT"
"PstIAdapterPlate10","C05","GGAAG / CTTGCTT"
"PstIAdapterPlate10","C06","GTCAA / CTTGCTT"
"PstIAdapterPlate10","C07","TAATA / CTTGCTT"
"PstIAdapterPlate10","C08","TACAT / CTTGCTT"
"PstIAdapterPlate10","C09","TCGTT / CTTGCTT"
"PstIAdapterPlate10","C10","GGTTGT / CTTGCTT"
"PstIAdapterPlate10","C11","CCAGCT / CTTGCTT"
"PstIAdapterPlate10","C12","TTCAGA / CTTGCTT"
"PstIAdapterPlate10","D01","TAGGAA / CTTGCTT"
"PstIAdapterPlate10","D02","GCTCTA / CTTGCTT"
"PstIAdapterPlate10","D03","CCACAA / CTTGCTT"
"PstIAdapterPlate10","D04","CTTCCA / CTTGCTT"
"PstIAdapterPlate10","D05","GAGATA / CTTGCTT"
"PstIAdapterPlate10","D06","ATGCCT / CTTGCTT"
"PstIAdapterPlate10","D07","AGTGGA / CTTGCTT"
"PstIAdapterPlate10","D08","ACCTAA / CTTGCTT"
"PstIAdapterPlate10","D09","ATATGT / CTTGCTT"
"PstIAdapterPlate10","D10","ATCGTA / CTTGCTT"
"PstIAdapterPlate10","D11","CATCGT / CTTGCTT"
"PstIAdapterPlate10","D12","CGCGGT / CTTGCTT"
"PstIAdapterPlate10","E01","CTATTA / TTCAGA"
"PstIAdapterPlate10","E02","GCCAGT / TTCAGA"
"PstIAdapterPlate10","E03","GGAAGA / TTCAGA"
"PstIAdapterPlate10","E04","GTACTT / TTCAGA"
"PstIAdapterPlate10","E05","GTTGAA / TTCAGA"
"PstIAdapterPlate10","E06","TAACGA / TTCAGA"
"PstIAdapterPlate10","E07","TGGCTA / TTCAGA"
"PstIAdapterPlate10","E08","TATTTTT / TTCAGA"
"PstIAdapterPlate10","E09","CTTGCTT / TTCAGA"
"PstIAdapterPlate10","E10","ATGAAAG / TTCAGA"
"PstIAdapterPlate10","E11","AAAAGTT / TTCAGA"
"PstIAdapterPlate10","E12","GAATTCA / TTCAGA"
"PstIAdapterPlate10","F01","GAACTTG / TTCAGA"
"PstIAdapterPlate10","F02","GGACCTA / TTCAGA"
"PstIAdapterPlate10","F03","GTCGATT / TTCAGA"
"PstIAdapterPlate10","F04","AACGCCT / TTCAGA"
"PstIAdapterPlate10","F05","AATATGG / TTCAGA"
"PstIAdapterPlate10","F06","ACGTGTT / TTCAGA"
"PstIAdapterPlate10","F07","ATTAATT / TTCAGA"
"PstIAdapterPlate10","F08","ATTGGAT / TTCAGA"
"PstIAdapterPlate10","F09","CATAAGT / TTCAGA"
"PstIAdapterPlate10","F10","CGCTGAT / TTCAGA"
"PstIAdapterPlate10","F11","CGGTAGA / TTCAGA"
"PstIAdapterPlate10","F12","CTACGGA / TTCAGA"
"PstIAdapterPlate10","G01","GCGGAAT / TCACG"
"PstIAdapterPlate10","G02","TAGCGGA / TCACG"
"PstIAdapterPlate10","G03","TCGAAGA / TCACG"
"PstIAdapterPlate10","G04","TCTGTGA / TCACG"
"PstIAdapterPlate10","G05","TGCTGGA / TCACG"
"PstIAdapterPlate10","G06","ACGACTAG / TCACG"
"PstIAdapterPlate10","G07","TAGCATGG / TCACG"
"PstIAdapterPlate10","G08","TAGGCCAT / TCACG"
"PstIAdapterPlate10","G09","TGCAAGGA / TCACG"
"PstIAdapterPlate10","G10","TGGTACGT / TCACG"
"PstIAdapterPlate10","G11","TCTCAGTG / TCACG"
"PstIAdapterPlate10","G12","CCGGATAT / TCACG"
"PstIAdapterPlate10","H01","CGCCTTAT / TCACG"
"PstIAdapterPlate10","H02","AACCGAGA / TCACG"
"PstIAdapterPlate10","H03","ACAGGGAA / TCACG"
"PstIAdapterPlate10","H04","ACGTGGTA / TCACG"
"PstIAdapterPlate10","H05","CCATGGGT / TCACG"
"PstIAdapterPlate10","H06","CGCGGAGA / TCACG"
"PstIAdapterPlate10","H07","CGTGTGGT / TCACG"
"PstIAdapterPlate10","H08","GCTGTGGA / TCACG"
"PstIAdapterPlate10","H09","GGATTGGT / TCACG"
"PstIAdapterPlate10","H10","GTGAGGGT / TCACG"
"PstIAdapterPlate10","H11","TATCGGGA / TCACG"
"PstIAdapterPlate10","H12","TTCCTGGA / TCACG"
"PstIAdapterPlate11","A01","CTCG / TCACG"
"PstIAdapterPlate11","A02","TGCA / TCACG"
"PstIAdapterPlate11","A03","ACTA / TCACG"
"PstIAdapterPlate11","A04","CAGA / TCACG"
"PstIAdapterPlate11","A05","AACT / TCACG"
"PstIAdapterPlate11","A06","GCGT / TCACG"
"PstIAdapterPlate11","A07","CGAT / TCACG"
"PstIAdapterPlate11","A08","GTAA / TCACG"
"PstIAdapterPlate11","A09","AGGG / TCACG"
"PstIAdapterPlate11","A10","GATG / TCACG"
"PstIAdapterPlate11","A11","TCAG / TCACG"
"PstIAdapterPlate11","A12","TGCG / TCACG"
"PstIAdapterPlate11","B01","CGCTT / TCACG"
"PstIAdapterPlate11","B02","TCACG / TCACG"
"PstIAdapterPlate11","B03","CTAGG / TCACG"
"PstIAdapterPlate11","B04","ACAAA / TCACG"
"PstIAdapterPlate11","B05","TTCTG / TCACG"
"PstIAdapterPlate11","B06","AGCCG / TCACG"
"PstIAdapterPlate11","B07","GTATT / TCACG"
"PstIAdapterPlate11","B08","CTGTA / TCACG"
"PstIAdapterPlate11","B09","ACCGT / TCACG"
"PstIAdapterPlate11","B10","GCTTA / TCACG"
"PstIAdapterPlate11","B11","GGTGT / TCACG"
"PstIAdapterPlate11","B12","AGGAT / TCACG"
"PstIAdapterPlate11","C01","ATTGA / GCGT"
"PstIAdapterPlate11","C02","CATCT / GCGT"
"PstIAdapterPlate11","C03","CCTAG / GCGT"
"PstIAdapterPlate11","C04","GAGGA / GCGT"
"PstIAdapterPlate11","C05","GGAAG / GCGT"
"PstIAdapterPlate11","C06","GTCAA / GCGT"
"PstIAdapterPlate11","C07","TAATA / GCGT"
"PstIAdapterPlate11","C08","TACAT / GCGT"
"PstIAdapterPlate11","C09","TCGTT / GCGT"
"PstIAdapterPlate11","C10","GGTTGT / GCGT"
"PstIAdapterPlate11","C11","CCAGCT / GCGT"
"PstIAdapterPlate11","C12","TTCAGA / GCGT"
"PstIAdapterPlate11","D01","TAGGAA / GCGT"
"PstIAdapterPlate11","D02","GCTCTA / GCGT"
"PstIAdapterPlate11","D03","CCACAA / GCGT"
"PstIAdapterPlate11","D04","CTTCCA / GCGT"
"PstIAdapterPlate11","D05","GAGATA / GCGT"
"PstIAdapterPlate11","D06","ATGCCT / GCGT"
"PstIAdapterPlate11","D07","AGTGGA / GCGT"
"PstIAdapterPlate11","D08","ACCTAA / GCGT"
"PstIAdapterPlate11","D09","ATATGT / GCGT"
"PstIAdapterPlate11","D10","ATCGTA / GCGT"
"PstIAdapterPlate11","D11","CATCGT / GCGT"
"PstIAdapterPlate11","D12","CGCGGT / GCGT"
"PstIAdapterPlate11","E01","CTATTA / CTTGCTT"
"PstIAdapterPlate11","E02","GCCAGT / CTTGCTT"
"PstIAdapterPlate11","E03","GGAAGA / CTTGCTT"
"PstIAdapterPlate11","E04","GTACTT / CTTGCTT"
"PstIAdapterPlate11","E05","GTTGAA / CTTGCTT"
"PstIAdapterPlate11","E06","TAACGA / CTTGCTT"
"PstIAdapterPlate11","E07","TGGCTA / CTTGCTT"
"PstIAdapterPlate11","E08","TATTTTT / CTTGCTT"
"PstIAdapterPlate11","E09","CTTGCTT / CTTGCTT"
"PstIAdapterPlate11","E10","ATGAAAG / CTTGCTT"
"PstIAdapterPlate11","E11","AAAAGTT / CTTGCTT"
"PstIAdapterPlate11","E12","GAATTCA / CTTGCTT"
"PstIAdapterPlate11","F01","GAACTTG / CTTGCTT"
"PstIAdapterPlate11","F02","GGACCTA / CTTGCTT"
"PstIAdapterPlate11","F03","GTCGATT / CTTGCTT"
"PstIAdapterPlate11","F04","AACGCCT / CTTGCTT"
"PstIAdapterPlate11","F05","AATATGG / CTTGCTT"
"PstIAdapterPlate11","F06","ACGTGTT / CTTGCTT"
"PstIAdapterPlate11","F07","ATTAATT / CTTGCTT"
"PstIAdapterPlate11","F08","ATTGGAT / CTTGCTT"
"PstIAdapterPlate11","F09","CATAAGT / CTTGCTT"
"PstIAdapterPlate11","F10","CGCTGAT / CTTGCTT"
"PstIAdapterPlate11","F11","CGGTAGA / CTTGCTT"
"PstIAdapterPlate11","F12","CTACGGA / CTTGCTT"
"PstIAdapterPlate11","G01","GCGGAAT / TTCAGA"
"PstIAdapterPlate11","G02","TAGCGGA / TTCAGA"
"PstIAdapterPlate11","G03","TCGAAGA / TTCAGA"
"PstIAdapterPlate11","G04","TCTGTGA / TTCAGA"
"PstIAdapterPlate11","G05","TGCTGGA / TTCAGA"
"PstIAdapterPlate11","G06","ACGACTAG / TTCAGA"
"PstIAdapterPlate11","G07","TAGCATGG / TTCAGA"
"PstIAdapterPlate11","G08","TAGGCCAT / TTCAGA"
"PstIAdapterPlate11","G09","TGCAAGGA / TTCAGA"
"PstIAdapterPlate11","G10","TGGTACGT / TTCAGA"
"PstIAdapterPlate11","G11","TCTCAGTG / TTCAGA"
"PstIAdapterPlate11","G12","CCGGATAT / TTCAGA"
"PstIAdapterPlate11","H01","CGCCTTAT / TTCAGA"
"PstIAdapterPlate11","H02","AACCGAGA / TTCAGA"
"PstIAdapterPlate11","H03","ACAGGGAA / TTCAGA"
"PstIAdapterPlate11","H04","ACGTGGTA / TTCAGA"
"PstIAdapterPlate11","H05","CCATGGGT / TTCAGA"
"PstIAdapterPlate11","H06","CGCGGAGA / TTCAGA"
"PstIAdapterPlate11","H07","CGTGTGGT / TTCAGA"
"PstIAdapterPlate11","H08","GCTGTGGA / TTCAGA"
"PstIAdapterPlate11","H09","GGATTGGT / TTCAGA"
"PstIAdapterPlate11","H10","GTGAGGGT / TTCAGA"
"PstIAdapterPlate11","H11","TATCGGGA / TTCAGA"
"PstIAdapterPlate11","H12","TTCCTGGA / TTCAGA"
"PstIAdapterPlate12","A01","CTCG / TTCAGA"
"PstIAdapterPlate12","A02","TGCA / TTCAGA"
"PstIAdapterPlate12","A03","ACTA / TTCAGA"
"PstIAdapterPlate12","A04","CAGA / TTCAGA"
"PstIAdapterPlate12","A05","AACT / TTCAGA"
"PstIAdapterPlate12","A06","GCGT / TTCAGA"
"PstIAdapterPlate12","A07","CGAT / TTCAGA"
"PstIAdapterPlate12","A08","GTAA / TTCAGA"
"PstIAdapterPlate12","A09","AGGG / TTCAGA"
"PstIAdapterPlate12","A10","GATG / TTCAGA"
"PstIAdapterPlate12","A11","TCAG / TTCAGA"
"PstIAdapterPlate12","A12","TGCG / TTCAGA"
"PstIAdapterPlate12","B01","CGCTT / TTCAGA"
"PstIAdapterPlate12","B02","TCACG / TTCAGA"
"PstIAdapterPlate12","B03","CTAGG / TTCAGA"
"PstIAdapterPlate12","B04","ACAAA / TTCAGA"
"PstIAdapterPlate12","B05","TTCTG / TTCAGA"
"PstIAdapterPlate12","B06","AGCCG / TTCAGA"
"PstIAdapterPlate12","B07","GTATT / TTCAGA"
"PstIAdapterPlate12","B08","CTGTA / TTCAGA"
"PstIAdapterPlate12","B09","ACCGT / TTCAGA"
"PstIAdapterPlate12","B10","GCTTA / TTCAGA"
"PstIAdapterPlate12","B11","GGTGT / TTCAGA"
"PstIAdapterPlate12","B12","AGGAT / TTCAGA"
"PstIAdapterPlate12","C01","ATTGA / TCACG"
"PstIAdapterPlate12","C02","CATCT / TCACG"
"PstIAdapterPlate12","C03","CCTAG / TCACG"
"PstIAdapterPlate12","C04","GAGGA / TCACG"
"PstIAdapterPlate12","C05","GGAAG / TCACG"
"PstIAdapterPlate12","C06","GTCAA / TCACG"
"PstIAdapterPlate12","C07","TAATA / TCACG"
"PstIAdapterPlate12","C08","TACAT / TCACG"
"PstIAdapterPlate12","C09","TCGTT / TCACG"
"PstIAdapterPlate12","C10","GGTTGT / TCACG"
"PstIAdapterPlate12","C11","CCAGCT / TCACG"
"PstIAdapterPlate12","C12","TTCAGA / TCACG"
"PstIAdapterPlate12","D01","TAGGAA / TCACG"
"PstIAdapterPlate12","D02","GCTCTA / TCACG"
"PstIAdapterPlate12","D03","CCACAA / TCACG"
"PstIAdapterPlate12","D04","CTTCCA / TCACG"
"PstIAdapterPlate12","D05","GAGATA / TCACG"
"PstIAdapterPlate12","D06","ATGCCT / TCACG"
"PstIAdapterPlate12","D07","AGTGGA / TCACG"
"PstIAdapterPlate12","D08","ACCTAA / TCACG"
"PstIAdapterPlate12","D09","ATATGT / TCACG"
"PstIAdapterPlate12","D10","ATCGTA / TCACG"
"PstIAdapterPlate12","D11","CATCGT / TCACG"
"PstIAdapterPlate12","D12","CGCGGT / TCACG"
"PstIAdapterPlate12","E01","CTATTA / GCGT"
"PstIAdapterPlate12","E02","GCCAGT / GCGT"
"PstIAdapterPlate12","E03","GGAAGA / GCGT"
"PstIAdapterPlate12","E04","GTACTT / GCGT"
"PstIAdapterPlate12","E05","GTTGAA / GCGT"
"PstIAdapterPlate12","E06","TAACGA / GCGT"
"PstIAdapterPlate12","E07","TGGCTA / GCGT"
"PstIAdapterPlate12","E08","TATTTTT / GCGT"
"PstIAdapterPlate12","E09","CTTGCTT / GCGT"
"PstIAdapterPlate12","E10","ATGAAAG / GCGT"
"PstIAdapterPlate12","E11","AAAAGTT / GCGT"
"PstIAdapterPlate12","E12","GAATTCA / GCGT"
"PstIAdapterPlate12","F01","GAACTTG / GCGT"
"PstIAdapterPlate12","F02","GGACCTA / GCGT"
"PstIAdapterPlate12","F03","GTCGATT / GCGT"
"PstIAdapterPlate12","F04","AACGCCT / GCGT"
"PstIAdapterPlate12","F05","AATATGG / GCGT"
"PstIAdapterPlate12","F06","ACGTGTT / GCGT"
"PstIAdapterPlate12","F07","ATTAATT / GCGT"
"PstIAdapterPlate12","F08","ATTGGAT / GCGT"
"PstIAdapterPlate12","F09","CATAAGT / GCGT"
"PstIAdapterPlate12","F10","CGCTGAT / GCGT"
"PstIAdapterPlate12","F11","CGGTAGA / GCGT"
"PstIAdapterPlate12","F12","CTACGGA / GCGT"
"PstIAdapterPlate12","G01","GCGGAAT / CTTGCTT"
"PstIAdapterPlate12","G02","TAGCGGA / CTTGCTT"
"PstIAdapterPlate12","G03","TCGAAGA / CTTGCTT"
"PstIAdapterPlate12","G04","TCTGTGA / CTTGCTT"
"PstIAdapterPlate12","G05","TGCTGGA / CTTGCTT"
"PstIAdapterPlate12","G06","ACGACTAG / CTTGCTT"
"PstIAdapterPlate12","G07","TAGCATGG / CTTGCTT"
"PstIAdapterPlate12","G08","TAGGCCAT / CTTGCTT"
"PstIAdapterPlate12","G09","TGCAAGGA / CTTGCTT"
"PstIAdapterPlate12","G10","TGGTACGT / CTTGCTT"
"PstIAdapterPlate12","G11","TCTCAGTG / CTTGCTT"
"PstIAdapterPlate12","G12","CCGGATAT / CTTGCTT"
"PstIAdapterPlate12","H01","CGCCTTAT / CTTGCTT"
"PstIAdapterPlate12","H02","AACCGAGA / CTTGCTT"
"PstIAdapterPlate12","H03","ACAGGGAA / CTTGCTT"
"PstIAdapterPlate12","H04","ACGTGGTA / CTTGCTT"
"PstIAdapterPlate12","H05","CCATGGGT / CTTGCTT"
"PstIAdapterPlate12","H06","CGCGGAGA / CTTGCTT"
"PstIAdapterPlate12","H07","CGTGTGGT / CTTGCTT"
"PstIAdapterPlate12","H08","GCTGTGGA / CTTGCTT"
"PstIAdapterPlate12","H09","GGATTGGT / CTTGCTT"
"PstIAdapterPlate12","H10","GTGAGGGT / CTTGCTT"
"PstIAdapterPlate12","H11","TATCGGGA / CTTGCTT"
"PstIAdapterPlate12","H12","TTCCTGGA / CTTGCTT"
