plate.name	well	sample.name	barcode.plate.name	barcode.r1	barcode.r2
Emarginata_Plate1	A01	2415	PstIAdapterPlate9	CTCG	CTTGCTT
Emarginata_Plate1	A02	2414	PstIAdapterPlate9	TGCA	CTTGCTT
Emarginata_Plate1	A03	2496	PstIAdapterPlate9	ACTA	CTTGCTT
Emarginata_Plate1	A04	2436	PstIAdapterPlate9	CAGA	CTTGCTT
Emarginata_Plate1	A05	2406	PstIAdapterPlate9	AACT	CTTGCTT
Emarginata_Plate1	A06	2434	PstIAdapterPlate9	GCGT	CTTGCTT
Emarginata_Plate1	A07	2443	PstIAdapterPlate9	CGAT	CTTGCTT
Emarginata_Plate1	A08	2495	PstIAdapterPlate9	GTAA	CTTGCTT
Emarginata_Plate1	A09	2439	PstIAdapterPlate9	AGGG	CTTGCTT
Emarginata_Plate1	A10	2629	PstIAdapterPlate9	GATG	CTTGCTT
Emarginata_Plate1	A11	2625	PstIAdapterPlate9	TCAG	CTTGCTT
Emarginata_Plate1	A12	2613	PstIAdapterPlate9	TGCG	CTTGCTT
Emarginata_Plate1	B01	2476	PstIAdapterPlate9	CGCTT	CTTGCTT
Emarginata_Plate1	B02	2450	PstIAdapterPlate9	TCACG	CTTGCTT
Emarginata_Plate1	B03	2420	PstIAdapterPlate9	CTAGG	CTTGCTT
Emarginata_Plate1	B04	2437	PstIAdapterPlate9	ACAAA	CTTGCTT
Emarginata_Plate1	B05	2405	PstIAdapterPlate9	TTCTG	CTTGCTT
Emarginata_Plate1	B06	2479	PstIAdapterPlate9	AGCCG	CTTGCTT
Emarginata_Plate1	B07	2496	PstIAdapterPlate9	GTATT	CTTGCTT
Emarginata_Plate1	B08	2480	PstIAdapterPlate9	CTGTA	CTTGCTT
Emarginata_Plate1	B09	2481	PstIAdapterPlate9	ACCGT	CTTGCTT
Emarginata_Plate1	B10	2631	PstIAdapterPlate9	GCTTA	CTTGCTT
Emarginata_Plate1	B11	2628	PstIAdapterPlate9	GGTGT	CTTGCTT
Emarginata_Plate1	B12	2649	PstIAdapterPlate9	AGGAT	CTTGCTT
Emarginata_Plate1	C01	2427	PstIAdapterPlate9	ATTGA	TTCAGA
Emarginata_Plate1	C02	2453	PstIAdapterPlate9	CATCT	TTCAGA
Emarginata_Plate1	C03	2498	PstIAdapterPlate9	CCTAG	TTCAGA
Emarginata_Plate1	C04	2438	PstIAdapterPlate9	GAGGA	TTCAGA
Emarginata_Plate1	C05	2403	PstIAdapterPlate9	GGAAG	TTCAGA
Emarginata_Plate1	C06	2424	PstIAdapterPlate9	GTCAA	TTCAGA
Emarginata_Plate1	C07	2491	PstIAdapterPlate9	TAATA	TTCAGA
Emarginata_Plate1	C08	2638	PstIAdapterPlate9	TACAT	TTCAGA
Emarginata_Plate1	C09	2668	PstIAdapterPlate9	TCGTT	TTCAGA
Emarginata_Plate1	C10	2670	PstIAdapterPlate9	GGTTGT	TTCAGA
Emarginata_Plate1	C11	2624	PstIAdapterPlate9	CCAGCT	TTCAGA
Emarginata_Plate1	C12	2621	PstIAdapterPlate9	TTCAGA	TTCAGA
Emarginata_Plate1	D01	2432	PstIAdapterPlate9	TAGGAA	TTCAGA
Emarginata_Plate1	D02	2416	PstIAdapterPlate9	GCTCTA	TTCAGA
Emarginata_Plate1	D03	2486	PstIAdapterPlate9	CCACAA	TTCAGA
Emarginata_Plate1	D04	2413	PstIAdapterPlate9	CTTCCA	TTCAGA
Emarginata_Plate1	D05	2402	PstIAdapterPlate9	GAGATA	TTCAGA
Emarginata_Plate1	D06	2441	PstIAdapterPlate9	ATGCCT	TTCAGA
Emarginata_Plate1	D07	2426	PstIAdapterPlate9	AGTGGA	TTCAGA
Emarginata_Plate1	D08	2609	PstIAdapterPlate9	ACCTAA	TTCAGA
Emarginata_Plate1	D09	2617	PstIAdapterPlate9	ATATGT	TTCAGA
Emarginata_Plate1	D10	2643	PstIAdapterPlate9	ATCGTA	TTCAGA
Emarginata_Plate1	D11	2657	PstIAdapterPlate9	CATCGT	TTCAGA
Emarginata_Plate1	D12	2655	PstIAdapterPlate9	CGCGGT	TTCAGA
Emarginata_Plate1	E01	empty	PstIAdapterPlate9	CTATTA	TCACG
Emarginata_Plate1	E02	2419	PstIAdapterPlate9	GCCAGT	TCACG
Emarginata_Plate1	E03	2489	PstIAdapterPlate9	GGAAGA	TCACG
Emarginata_Plate1	E04	2409	PstIAdapterPlate9	GTACTT	TCACG
Emarginata_Plate1	E05	2497	PstIAdapterPlate9	GTTGAA	TCACG
Emarginata_Plate1	E06	2445	PstIAdapterPlate9	TAACGA	TCACG
Emarginata_Plate1	E07	2410	PstIAdapterPlate9	TGGCTA	TCACG
Emarginata_Plate1	E08	2665	PstIAdapterPlate9	TATTTTT	TCACG
Emarginata_Plate1	E09	2612	PstIAdapterPlate9	CTTGCTT	TCACG
Emarginata_Plate1	E10	2663	PstIAdapterPlate9	ATGAAAG	TCACG
Emarginata_Plate1	E11	2656	PstIAdapterPlate9	AAAAGTT	TCACG
Emarginata_Plate1	E12	2679	PstIAdapterPlate9	GAATTCA	TCACG
Emarginata_Plate1	F01	2431	PstIAdapterPlate9	GAACTTG	TCACG
Emarginata_Plate1	F02	2417	PstIAdapterPlate9	GGACCTA	TCACG
Emarginata_Plate1	F03	2429	PstIAdapterPlate9	GTCGATT	TCACG
Emarginata_Plate1	F04	2412	PstIAdapterPlate9	AACGCCT	TCACG
Emarginata_Plate1	F05	2488	PstIAdapterPlate9	AATATGG	TCACG
Emarginata_Plate1	F06	2444	PstIAdapterPlate9	ACGTGTT	TCACG
Emarginata_Plate1	F07	2404	PstIAdapterPlate9	ATTAATT	TCACG
Emarginata_Plate1	F08	2620	PstIAdapterPlate9	ATTGGAT	TCACG
Emarginata_Plate1	F09	2618	PstIAdapterPlate9	CATAAGT	TCACG
Emarginata_Plate1	F10	2626	PstIAdapterPlate9	CGCTGAT	TCACG
Emarginata_Plate1	F11	2610	PstIAdapterPlate9	CGGTAGA	TCACG
Emarginata_Plate1	F12	2674	PstIAdapterPlate9	CTACGGA	TCACG
Emarginata_Plate1	G01	empty	PstIAdapterPlate9	GCGGAAT	GCGT
Emarginata_Plate1	G02	2418	PstIAdapterPlate9	TAGCGGA	GCGT
Emarginata_Plate1	G03	2428	PstIAdapterPlate9	TCGAAGA	GCGT
Emarginata_Plate1	G04	2408	PstIAdapterPlate9	TCTGTGA	GCGT
Emarginata_Plate1	G05	2478	PstIAdapterPlate9	TGCTGGA	GCGT
Emarginata_Plate1	G06	2440	PstIAdapterPlate9	ACGACTAG	GCGT
Emarginata_Plate1	G07	2411	PstIAdapterPlate9	TAGCATGG	GCGT
Emarginata_Plate1	G08	2662	PstIAdapterPlate9	TAGGCCAT	GCGT
Emarginata_Plate1	G09	2623	PstIAdapterPlate9	TGCAAGGA	GCGT
Emarginata_Plate1	G10	2622	PstIAdapterPlate9	TGGTACGT	GCGT
Emarginata_Plate1	G11	2651	PstIAdapterPlate9	TCTCAGTG	GCGT
Emarginata_Plate1	G12	2676	PstIAdapterPlate9	CCGGATAT	GCGT
Emarginata_Plate1	H01	2449	PstIAdapterPlate9	CGCCTTAT	GCGT
Emarginata_Plate1	H02	2421	PstIAdapterPlate9	AACCGAGA	GCGT
Emarginata_Plate1	H03	2435	PstIAdapterPlate9	ACAGGGAA	GCGT
Emarginata_Plate1	H04	2407	PstIAdapterPlate9	ACGTGGTA	GCGT
Emarginata_Plate1	H05	2448	PstIAdapterPlate9	CCATGGGT	GCGT
Emarginata_Plate1	H06	2442	PstIAdapterPlate9	CGCGGAGA	GCGT
Emarginata_Plate1	H07	2487	PstIAdapterPlate9	CGTGTGGT	GCGT
Emarginata_Plate1	H08	2483	PstIAdapterPlate9	GCTGTGGA	GCGT
Emarginata_Plate1	H09	2484	PstIAdapterPlate9	GGATTGGT	GCGT
Emarginata_Plate1	H10	2664	PstIAdapterPlate9	GTGAGGGT	GCGT
Emarginata_Plate1	H11	2677	PstIAdapterPlate9	TATCGGGA	GCGT
Emarginata_Plate1	H12	2636	PstIAdapterPlate9	TTCCTGGA	GCGT
Emarginata_Plate2	A01	2611	PstIAdapterPlate10	CTCG	GCGT
Emarginata_Plate2	A02	2606	PstIAdapterPlate10	TGCA	GCGT
Emarginata_Plate2	A03	2673	PstIAdapterPlate10	ACTA	GCGT
Emarginata_Plate2	A04	2678	PstIAdapterPlate10	CAGA	GCGT
Emarginata_Plate2	A05	2701	PstIAdapterPlate10	AACT	GCGT
Emarginata_Plate2	A06	2401	PstIAdapterPlate10	GCGT	GCGT
Emarginata_Plate2	A07	2719	PstIAdapterPlate10	CGAT	GCGT
Emarginata_Plate2	A08	2726	PstIAdapterPlate10	GTAA	GCGT
Emarginata_Plate2	A09	2734	PstIAdapterPlate10	AGGG	GCGT
Emarginata_Plate2	A10	empty	PstIAdapterPlate10	GATG	GCGT
Emarginata_Plate2	A11	empty	PstIAdapterPlate10	TCAG	GCGT
Emarginata_Plate2	A12	empty	PstIAdapterPlate10	TGCG	GCGT
Emarginata_Plate2	B01	2615	PstIAdapterPlate10	CGCTT	GCGT
Emarginata_Plate2	B02	2660	PstIAdapterPlate10	TCACG	GCGT
Emarginata_Plate2	B03	2653	PstIAdapterPlate10	CTAGG	GCGT
Emarginata_Plate2	B04	2619	PstIAdapterPlate10	ACAAA	GCGT
Emarginata_Plate2	B05	2702	PstIAdapterPlate10	TTCTG	GCGT
Emarginata_Plate2	B06	2708	PstIAdapterPlate10	AGCCG	GCGT
Emarginata_Plate2	B07	2720	PstIAdapterPlate10	GTATT	GCGT
Emarginata_Plate2	B08	2727	PstIAdapterPlate10	CTGTA	GCGT
Emarginata_Plate2	B09	2735	PstIAdapterPlate10	ACCGT	GCGT
Emarginata_Plate2	B10	empty	PstIAdapterPlate10	GCTTA	GCGT
Emarginata_Plate2	B11	empty	PstIAdapterPlate10	GGTGT	GCGT
Emarginata_Plate2	B12	empty	PstIAdapterPlate10	AGGAT	GCGT
Emarginata_Plate2	C01	2627	PstIAdapterPlate10	ATTGA	CTTGCTT
Emarginata_Plate2	C02	2616	PstIAdapterPlate10	CATCT	CTTGCTT
Emarginata_Plate2	C03	2658	PstIAdapterPlate10	CCTAG	CTTGCTT
Emarginata_Plate2	C04	2675	PstIAdapterPlate10	GAGGA	CTTGCTT
Emarginata_Plate2	C05	2703	PstIAdapterPlate10	GGAAG	CTTGCTT
Emarginata_Plate2	C06	2709	PstIAdapterPlate10	GTCAA	CTTGCTT
Emarginata_Plate2	C07	2716	PstIAdapterPlate10	TAATA	CTTGCTT
Emarginata_Plate2	C08	2728	PstIAdapterPlate10	TACAT	CTTGCTT
Emarginata_Plate2	C09	empty	PstIAdapterPlate10	TCGTT	CTTGCTT
Emarginata_Plate2	C10	empty	PstIAdapterPlate10	GGTTGT	CTTGCTT
Emarginata_Plate2	C11	empty	PstIAdapterPlate10	CCAGCT	CTTGCTT
Emarginata_Plate2	C12	empty	PstIAdapterPlate10	TTCAGA	CTTGCTT
Emarginata_Plate2	D01	2632	PstIAdapterPlate10	TAGGAA	CTTGCTT
Emarginata_Plate2	D02	2666	PstIAdapterPlate10	GCTCTA	CTTGCTT
Emarginata_Plate2	D03	2633	PstIAdapterPlate10	CCACAA	CTTGCTT
Emarginata_Plate2	D04	2430	PstIAdapterPlate10	CTTCCA	CTTGCTT
Emarginata_Plate2	D05	2704	PstIAdapterPlate10	GAGATA	CTTGCTT
Emarginata_Plate2	D06	2710	PstIAdapterPlate10	ATGCCT	CTTGCTT
Emarginata_Plate2	D07	2721	PstIAdapterPlate10	AGTGGA	CTTGCTT
Emarginata_Plate2	D08	2729	PstIAdapterPlate10	ACCTAA	CTTGCTT
Emarginata_Plate2	D09	empty	PstIAdapterPlate10	ATATGT	CTTGCTT
Emarginata_Plate2	D10	empty	PstIAdapterPlate10	ATCGTA	CTTGCTT
Emarginata_Plate2	D11	empty	PstIAdapterPlate10	CATCGT	CTTGCTT
Emarginata_Plate2	D12	empty	PstIAdapterPlate10	CGCGGT	CTTGCTT
Emarginata_Plate2	E01	2672	PstIAdapterPlate10	CTATTA	TTCAGA
Emarginata_Plate2	E02	2630	PstIAdapterPlate10	GCCAGT	TTCAGA
Emarginata_Plate2	E03	2661	PstIAdapterPlate10	GGAAGA	TTCAGA
Emarginata_Plate2	E04	2477	PstIAdapterPlate10	GTACTT	TTCAGA
Emarginata_Plate2	E05	2705	PstIAdapterPlate10	GTTGAA	TTCAGA
Emarginata_Plate2	E06	2711	PstIAdapterPlate10	TAACGA	TTCAGA
Emarginata_Plate2	E07	2722	PstIAdapterPlate10	TGGCTA	TTCAGA
Emarginata_Plate2	E08	2730	PstIAdapterPlate10	TATTTTT	TTCAGA
Emarginata_Plate2	E09	empty	PstIAdapterPlate10	CTTGCTT	TTCAGA
Emarginata_Plate2	E10	empty	PstIAdapterPlate10	ATGAAAG	TTCAGA
Emarginata_Plate2	E11	empty	PstIAdapterPlate10	AAAAGTT	TTCAGA
Emarginata_Plate2	E12	empty	PstIAdapterPlate10	GAATTCA	TTCAGA
Emarginata_Plate2	F01	2500	PstIAdapterPlate10	GAACTTG	TTCAGA
Emarginata_Plate2	F02	empty	PstIAdapterPlate10	GGACCTA	TTCAGA
Emarginata_Plate2	F03	2652	PstIAdapterPlate10	GTCGATT	TTCAGA
Emarginata_Plate2	F04	empty	PstIAdapterPlate10	AACGCCT	TTCAGA
Emarginata_Plate2	F05	2706	PstIAdapterPlate10	AATATGG	TTCAGA
Emarginata_Plate2	F06	2712	PstIAdapterPlate10	ACGTGTT	TTCAGA
Emarginata_Plate2	F07	2723	PstIAdapterPlate10	ATTAATT	TTCAGA
Emarginata_Plate2	F08	2731	PstIAdapterPlate10	ATTGGAT	TTCAGA
Emarginata_Plate2	F09	empty	PstIAdapterPlate10	CATAAGT	TTCAGA
Emarginata_Plate2	F10	empty	PstIAdapterPlate10	CGCTGAT	TTCAGA
Emarginata_Plate2	F11	empty	PstIAdapterPlate10	CGGTAGA	TTCAGA
Emarginata_Plate2	F12	empty	PstIAdapterPlate10	CTACGGA	TTCAGA
Emarginata_Plate2	G01	2614	PstIAdapterPlate10	GCGGAAT	TCACG
Emarginata_Plate2	G02	2644	PstIAdapterPlate10	TAGCGGA	TCACG
Emarginata_Plate2	G03	2605	PstIAdapterPlate10	TCGAAGA	TCACG
Emarginata_Plate2	G04	empty	PstIAdapterPlate10	TCTGTGA	TCACG
Emarginata_Plate2	G05	2707	PstIAdapterPlate10	TGCTGGA	TCACG
Emarginata_Plate2	G06	2713	PstIAdapterPlate10	ACGACTAG	TCACG
Emarginata_Plate2	G07	2724	PstIAdapterPlate10	TAGCATGG	TCACG
Emarginata_Plate2	G08	2732	PstIAdapterPlate10	TAGGCCAT	TCACG
Emarginata_Plate2	G09	empty	PstIAdapterPlate10	TGCAAGGA	TCACG
Emarginata_Plate2	G10	empty	PstIAdapterPlate10	TGGTACGT	TCACG
Emarginata_Plate2	G11	empty	PstIAdapterPlate10	TCTCAGTG	TCACG
Emarginata_Plate2	G12	empty	PstIAdapterPlate10	CCGGATAT	TCACG
Emarginata_Plate2	H01	2669	PstIAdapterPlate10	CGCCTTAT	TCACG
Emarginata_Plate2	H02	2659	PstIAdapterPlate10	AACCGAGA	TCACG
Emarginata_Plate2	H03	2654	PstIAdapterPlate10	ACAGGGAA	TCACG
Emarginata_Plate2	H04	2715	PstIAdapterPlate10	ACGTGGTA	TCACG
Emarginata_Plate2	H05	2493	PstIAdapterPlate10	CCATGGGT	TCACG
Emarginata_Plate2	H06	2714	PstIAdapterPlate10	CGCGGAGA	TCACG
Emarginata_Plate2	H07	2725	PstIAdapterPlate10	CGTGTGGT	TCACG
Emarginata_Plate2	H08	2733	PstIAdapterPlate10	GCTGTGGA	TCACG
Emarginata_Plate2	H09	empty	PstIAdapterPlate10	GGATTGGT	TCACG
Emarginata_Plate2	H10	empty	PstIAdapterPlate10	GTGAGGGT	TCACG
Emarginata_Plate2	H11	empty	PstIAdapterPlate10	TATCGGGA	TCACG
Emarginata_Plate2	H12	empty	PstIAdapterPlate10	TTCCTGGA	TCACG
Alongifolia_Plate1	A01	BRO_F1	PstIAdapterPlate1	CTCG	ATGAAAG
Alongifolia_Plate1	A02	BRO_M4	PstIAdapterPlate1	TGCA	ATGAAAG
Alongifolia_Plate1	A03	JB_F1	PstIAdapterPlate1	ACTA	ATGAAAG
Alongifolia_Plate1	A04	JB_M7	PstIAdapterPlate1	CAGA	ATGAAAG
Alongifolia_Plate1	A05	CU_F1	PstIAdapterPlate1	AACT	ATGAAAG
Alongifolia_Plate1	A06	CU_M4	PstIAdapterPlate1	GCGT	ATGAAAG
Alongifolia_Plate1	A07	SH_F6	PstIAdapterPlate1	CGAT	ATGAAAG
Alongifolia_Plate1	A08	SH_M4	PstIAdapterPlate1	GTAA	ATGAAAG
Alongifolia_Plate1	A09	UL_F3	PstIAdapterPlate1	AGGG	ATGAAAG
Alongifolia_Plate1	A10	UL_H1	PstIAdapterPlate1	GATG	ATGAAAG
Alongifolia_Plate1	A11	KI_F4	PstIAdapterPlate1	TCAG	ATGAAAG
Alongifolia_Plate1	A12	KI_H1	PstIAdapterPlate1	TGCG	ATGAAAG
Alongifolia_Plate1	B01	BRO_F2	PstIAdapterPlate1	CGCTT	CTCG
Alongifolia_Plate1	B02	BRO_M5	PstIAdapterPlate1	TCACG	CTCG
Alongifolia_Plate1	B03	JB_F2	PstIAdapterPlate1	CTAGG	CTCG
Alongifolia_Plate1	B04	JB_M9	PstIAdapterPlate1	ACAAA	CTCG
Alongifolia_Plate1	B05	CU_F2	PstIAdapterPlate1	TTCTG	CTCG
Alongifolia_Plate1	B06	CU_M5	PstIAdapterPlate1	AGCCG	CTCG
Alongifolia_Plate1	B07	SH_F2	PstIAdapterPlate1	GTATT	CTCG
Alongifolia_Plate1	B08	SH_M5	PstIAdapterPlate1	CTGTA	CTCG
Alongifolia_Plate1	B09	UL_F4	PstIAdapterPlate1	ACCGT	CTCG
Alongifolia_Plate1	B10	UL_H2	PstIAdapterPlate1	GCTTA	CTCG
Alongifolia_Plate1	B11	KI_F5	PstIAdapterPlate1	GGTGT	CTCG
Alongifolia_Plate1	B12	KI_H2	PstIAdapterPlate1	AGGAT	CTCG
Alongifolia_Plate1	C01	BRO_F3	PstIAdapterPlate1	ATTGA	ACGACTAG
Alongifolia_Plate1	C02	BRO_H1	PstIAdapterPlate1	CATCT	ACGACTAG
Alongifolia_Plate1	C03	JB_F6	PstIAdapterPlate1	CCTAG	ACGACTAG
Alongifolia_Plate1	C04	JB_H2	PstIAdapterPlate1	GAGGA	ACGACTAG
Alongifolia_Plate1	C05	CU_F3	PstIAdapterPlate1	GGAAG	ACGACTAG
Alongifolia_Plate1	C06	CU_H1	PstIAdapterPlate1	GTCAA	ACGACTAG
Alongifolia_Plate1	C07	SH_F3	PstIAdapterPlate1	TAATA	ACGACTAG
Alongifolia_Plate1	C08	SH_H1	PstIAdapterPlate1	TACAT	ACGACTAG
Alongifolia_Plate1	C09	UL_F5	PstIAdapterPlate1	TCGTT	ACGACTAG
Alongifolia_Plate1	C10	UL_H3	PstIAdapterPlate1	GGTTGT	ACGACTAG
Alongifolia_Plate1	C11	KI_F6	PstIAdapterPlate1	CCAGCT	ACGACTAG
Alongifolia_Plate1	C12	KI_H3	PstIAdapterPlate1	TTCAGA	ACGACTAG
Alongifolia_Plate1	D01	BRO_F4	PstIAdapterPlate1	TAGGAA	ACTA
Alongifolia_Plate1	D02	BRO_H2	PstIAdapterPlate1	GCTCTA	ACTA
Alongifolia_Plate1	D03	JB_F7	PstIAdapterPlate1	CCACAA	ACTA
Alongifolia_Plate1	D04	JB_H5	PstIAdapterPlate1	CTTCCA	ACTA
Alongifolia_Plate1	D05	CU_F4	PstIAdapterPlate1	GAGATA	ACTA
Alongifolia_Plate1	D06	CU_H2	PstIAdapterPlate1	ATGCCT	ACTA
Alongifolia_Plate1	D07	SH_F4	PstIAdapterPlate1	AGTGGA	ACTA
Alongifolia_Plate1	D08	SH_H2	PstIAdapterPlate1	ACCTAA	ACTA
Alongifolia_Plate1	D09	UL_M1	PstIAdapterPlate1	ATATGT	ACTA
Alongifolia_Plate1	D10	UL_H4	PstIAdapterPlate1	ATCGTA	ACTA
Alongifolia_Plate1	D11	KI_M1	PstIAdapterPlate1	CATCGT	ACTA
Alongifolia_Plate1	D12	KI_H4	PstIAdapterPlate1	CGCGGT	ACTA
Alongifolia_Plate1	E01	BRO_F5	PstIAdapterPlate1	CTATTA	TGCGA
Alongifolia_Plate1	E02	BRO_H3	PstIAdapterPlate1	GCCAGT	TGCGA
Alongifolia_Plate1	E03	JB_F9	PstIAdapterPlate1	GGAAGA	TGCGA
Alongifolia_Plate1	E04	JB_H7	PstIAdapterPlate1	GTACTT	TGCGA
Alongifolia_Plate1	E05	CU_F5	PstIAdapterPlate1	GTTGAA	TGCGA
Alongifolia_Plate1	E06	CU_H3	PstIAdapterPlate1	TAACGA	TGCGA
Alongifolia_Plate1	E07	SH_F5	PstIAdapterPlate1	TGGCTA	TGCGA
Alongifolia_Plate1	E08	SH_H3	PstIAdapterPlate1	TATTTTT	TGCGA
Alongifolia_Plate1	E09	UL_M2	PstIAdapterPlate1	CTTGCTT	TGCGA
Alongifolia_Plate1	E10	UL_H5	PstIAdapterPlate1	ATGAAAG	TGCGA
Alongifolia_Plate1	E11	KI_M2	PstIAdapterPlate1	AAAAGTT	TGCGA
Alongifolia_Plate1	E12	KI_H5	PstIAdapterPlate1	GAATTCA	TGCGA
Alongifolia_Plate1	F01	BRO_M1	PstIAdapterPlate1	GAACTTG	CGCTT
Alongifolia_Plate1	F02	BRO_H4	PstIAdapterPlate1	GGACCTA	CGCTT
Alongifolia_Plate1	F03	JB_M2	PstIAdapterPlate1	GTCGATT	CGCTT
Alongifolia_Plate1	F04	JB_H9	PstIAdapterPlate1	AACGCCT	CGCTT
Alongifolia_Plate1	F05	CU_M1	PstIAdapterPlate1	AATATGG	CGCTT
Alongifolia_Plate1	F06	CU_H4	PstIAdapterPlate1	ACGTGTT	CGCTT
Alongifolia_Plate1	F07	SH_M1	PstIAdapterPlate1	ATTAATT	CGCTT
Alongifolia_Plate1	F08	SH_H4	PstIAdapterPlate1	ATTGGAT	CGCTT
Alongifolia_Plate1	F09	UL_M3	PstIAdapterPlate1	CATAAGT	CGCTT
Alongifolia_Plate1	F10	KI_F1	PstIAdapterPlate1	CGCTGAT	CGCTT
Alongifolia_Plate1	F11	KI_M3	PstIAdapterPlate1	CGGTAGA	CGCTT
Alongifolia_Plate1	F12	empty	PstIAdapterPlate1	CTACGGA	CGCTT
Alongifolia_Plate1	G01	BRO_M2	PstIAdapterPlate1	GCGGAAT	GGTTGT
Alongifolia_Plate1	G02	BRO_H5	PstIAdapterPlate1	TAGCGGA	GGTTGT
Alongifolia_Plate1	G03	JB_M5	PstIAdapterPlate1	TCGAAGA	GGTTGT
Alongifolia_Plate1	G04	JB_H10	PstIAdapterPlate1	TCTGTGA	GGTTGT
Alongifolia_Plate1	G05	CU_M2	PstIAdapterPlate1	TGCTGGA	GGTTGT
Alongifolia_Plate1	G06	CU_H5	PstIAdapterPlate1	ACGACTAG	GGTTGT
Alongifolia_Plate1	G07	SH_M2	PstIAdapterPlate1	TAGCATGG	GGTTGT
Alongifolia_Plate1	G08	SH_H5	PstIAdapterPlate1	TAGGCCAT	GGTTGT
Alongifolia_Plate1	G09	UL_M4	PstIAdapterPlate1	TGCAAGGA	GGTTGT
Alongifolia_Plate1	G10	KI_F2	PstIAdapterPlate1	TGGTACGT	GGTTGT
Alongifolia_Plate1	G11	KI_M4	PstIAdapterPlate1	TCTCAGTG	GGTTGT
Alongifolia_Plate1	G12	UL_F1	PstIAdapterPlate1	CCGGATAT	GGTTGT
Alongifolia_Plate1	H01	BRO_M3	PstIAdapterPlate1	CGCCTTAT	CCAGCT
Alongifolia_Plate1	H02	empty	PstIAdapterPlate1	AACCGAGA	CCAGCT
Alongifolia_Plate1	H03	JB_M6	PstIAdapterPlate1	ACAGGGAA	CCAGCT
Alongifolia_Plate1	H04	empty	PstIAdapterPlate1	ACGTGGTA	CCAGCT
Alongifolia_Plate1	H05	CU_M3	PstIAdapterPlate1	CCATGGGT	CCAGCT
Alongifolia_Plate1	H06	empty	PstIAdapterPlate1	CGCGGAGA	CCAGCT
Alongifolia_Plate1	H07	SH_M3	PstIAdapterPlate1	CGTGTGGT	CCAGCT
Alongifolia_Plate1	H08	empty	PstIAdapterPlate1	GCTGTGGA	CCAGCT
Alongifolia_Plate1	H09	UL_M5	PstIAdapterPlate1	GGATTGGT	CCAGCT
Alongifolia_Plate1	H10	KI_F3	PstIAdapterPlate1	GTGAGGGT	CCAGCT
Alongifolia_Plate1	H11	KI_M5	PstIAdapterPlate1	TATCGGGA	CCAGCT
Alongifolia_Plate1	H12	UL_F2	PstIAdapterPlate1	TTCCTGGA	CCAGCT
Alongifolia_Plate2	A01	NA	PstIAdapterPlate10	CTCG	GCGT
Alongifolia_Plate2	A02	NA	PstIAdapterPlate10	TGCA	GCGT
Alongifolia_Plate2	A03	NA	PstIAdapterPlate10	ACTA	GCGT
Alongifolia_Plate2	A04	NA	PstIAdapterPlate10	CAGA	GCGT
Alongifolia_Plate2	A05	NA	PstIAdapterPlate10	AACT	GCGT
Alongifolia_Plate2	A06	NA	PstIAdapterPlate10	GCGT	GCGT
Alongifolia_Plate2	A07	NA	PstIAdapterPlate10	CGAT	GCGT
Alongifolia_Plate2	A08	NA	PstIAdapterPlate10	GTAA	GCGT
Alongifolia_Plate2	A09	NA	PstIAdapterPlate10	AGGG	GCGT
Alongifolia_Plate2	A10	NA	PstIAdapterPlate10	GATG	GCGT
Alongifolia_Plate2	A11	NA	PstIAdapterPlate10	TCAG	GCGT
Alongifolia_Plate2	A12	NA	PstIAdapterPlate10	TGCG	GCGT
Alongifolia_Plate2	B01	NA	PstIAdapterPlate10	CGCTT	GCGT
Alongifolia_Plate2	B02	NA	PstIAdapterPlate10	TCACG	GCGT
Alongifolia_Plate2	B03	NA	PstIAdapterPlate10	CTAGG	GCGT
Alongifolia_Plate2	B04	NA	PstIAdapterPlate10	ACAAA	GCGT
Alongifolia_Plate2	B05	NA	PstIAdapterPlate10	TTCTG	GCGT
Alongifolia_Plate2	B06	NA	PstIAdapterPlate10	AGCCG	GCGT
Alongifolia_Plate2	B07	NA	PstIAdapterPlate10	GTATT	GCGT
Alongifolia_Plate2	B08	NA	PstIAdapterPlate10	CTGTA	GCGT
Alongifolia_Plate2	B09	NA	PstIAdapterPlate10	ACCGT	GCGT
Alongifolia_Plate2	B10	NA	PstIAdapterPlate10	GCTTA	GCGT
Alongifolia_Plate2	B11	NA	PstIAdapterPlate10	GGTGT	GCGT
Alongifolia_Plate2	B12	NA	PstIAdapterPlate10	AGGAT	GCGT
Alongifolia_Plate2	C01	NA	PstIAdapterPlate10	ATTGA	CTTGCTT
Alongifolia_Plate2	C02	NA	PstIAdapterPlate10	CATCT	CTTGCTT
Alongifolia_Plate2	C03	NA	PstIAdapterPlate10	CCTAG	CTTGCTT
Alongifolia_Plate2	C04	NA	PstIAdapterPlate10	GAGGA	CTTGCTT
Alongifolia_Plate2	C05	NA	PstIAdapterPlate10	GGAAG	CTTGCTT
Alongifolia_Plate2	C06	NA	PstIAdapterPlate10	GTCAA	CTTGCTT
Alongifolia_Plate2	C07	NA	PstIAdapterPlate10	TAATA	CTTGCTT
Alongifolia_Plate2	C08	NA	PstIAdapterPlate10	TACAT	CTTGCTT
Alongifolia_Plate2	C09	NA	PstIAdapterPlate10	TCGTT	CTTGCTT
Alongifolia_Plate2	C10	NA	PstIAdapterPlate10	GGTTGT	CTTGCTT
Alongifolia_Plate2	C11	NA	PstIAdapterPlate10	CCAGCT	CTTGCTT
Alongifolia_Plate2	C12	NA	PstIAdapterPlate10	TTCAGA	CTTGCTT
Alongifolia_Plate2	D01	NA	PstIAdapterPlate10	TAGGAA	CTTGCTT
Alongifolia_Plate2	D02	NA	PstIAdapterPlate10	GCTCTA	CTTGCTT
Alongifolia_Plate2	D03	NA	PstIAdapterPlate10	CCACAA	CTTGCTT
Alongifolia_Plate2	D04	NA	PstIAdapterPlate10	CTTCCA	CTTGCTT
Alongifolia_Plate2	D05	NA	PstIAdapterPlate10	GAGATA	CTTGCTT
Alongifolia_Plate2	D06	NA	PstIAdapterPlate10	ATGCCT	CTTGCTT
Alongifolia_Plate2	D07	NA	PstIAdapterPlate10	AGTGGA	CTTGCTT
Alongifolia_Plate2	D08	NA	PstIAdapterPlate10	ACCTAA	CTTGCTT
Alongifolia_Plate2	D09	NA	PstIAdapterPlate10	ATATGT	CTTGCTT
Alongifolia_Plate2	D10	NA	PstIAdapterPlate10	ATCGTA	CTTGCTT
Alongifolia_Plate2	D11	NA	PstIAdapterPlate10	CATCGT	CTTGCTT
Alongifolia_Plate2	D12	NA	PstIAdapterPlate10	CGCGGT	CTTGCTT
Alongifolia_Plate2	E01	NA	PstIAdapterPlate10	CTATTA	TTCAGA
Alongifolia_Plate2	E02	NA	PstIAdapterPlate10	GCCAGT	TTCAGA
Alongifolia_Plate2	E03	NA	PstIAdapterPlate10	GGAAGA	TTCAGA
Alongifolia_Plate2	E04	NA	PstIAdapterPlate10	GTACTT	TTCAGA
Alongifolia_Plate2	E05	NA	PstIAdapterPlate10	GTTGAA	TTCAGA
Alongifolia_Plate2	E06	NA	PstIAdapterPlate10	TAACGA	TTCAGA
Alongifolia_Plate2	E07	NA	PstIAdapterPlate10	TGGCTA	TTCAGA
Alongifolia_Plate2	E08	NA	PstIAdapterPlate10	TATTTTT	TTCAGA
Alongifolia_Plate2	E09	NA	PstIAdapterPlate10	CTTGCTT	TTCAGA
Alongifolia_Plate2	E10	NA	PstIAdapterPlate10	ATGAAAG	TTCAGA
Alongifolia_Plate2	E11	NA	PstIAdapterPlate10	AAAAGTT	TTCAGA
Alongifolia_Plate2	E12	NA	PstIAdapterPlate10	GAATTCA	TTCAGA
Alongifolia_Plate2	F01	NA	PstIAdapterPlate10	GAACTTG	TTCAGA
Alongifolia_Plate2	F02	NA	PstIAdapterPlate10	GGACCTA	TTCAGA
Alongifolia_Plate2	F03	NA	PstIAdapterPlate10	GTCGATT	TTCAGA
Alongifolia_Plate2	F04	NA	PstIAdapterPlate10	AACGCCT	TTCAGA
Alongifolia_Plate2	F05	NA	PstIAdapterPlate10	AATATGG	TTCAGA
Alongifolia_Plate2	F06	NA	PstIAdapterPlate10	ACGTGTT	TTCAGA
Alongifolia_Plate2	F07	NA	PstIAdapterPlate10	ATTAATT	TTCAGA
Alongifolia_Plate2	F08	NA	PstIAdapterPlate10	ATTGGAT	TTCAGA
Alongifolia_Plate2	F09	Afloribunda_ANBG1	PstIAdapterPlate10	CATAAGT	TTCAGA
Alongifolia_Plate2	F10	NA	PstIAdapterPlate10	CGCTGAT	TTCAGA
Alongifolia_Plate2	F11	NA	PstIAdapterPlate10	CGGTAGA	TTCAGA
Alongifolia_Plate2	F12	NA	PstIAdapterPlate10	CTACGGA	TTCAGA
Alongifolia_Plate2	G01	NA	PstIAdapterPlate10	GCGGAAT	TCACG
Alongifolia_Plate2	G02	NA	PstIAdapterPlate10	TAGCGGA	TCACG
Alongifolia_Plate2	G03	NA	PstIAdapterPlate10	TCGAAGA	TCACG
Alongifolia_Plate2	G04	NA	PstIAdapterPlate10	TCTGTGA	TCACG
Alongifolia_Plate2	G05	NA	PstIAdapterPlate10	TGCTGGA	TCACG
Alongifolia_Plate2	G06	NA	PstIAdapterPlate10	ACGACTAG	TCACG
Alongifolia_Plate2	G07	NA	PstIAdapterPlate10	TAGCATGG	TCACG
Alongifolia_Plate2	G08	NA	PstIAdapterPlate10	TAGGCCAT	TCACG
Alongifolia_Plate2	G09	Afloribunda_ANBG2	PstIAdapterPlate10	TGCAAGGA	TCACG
Alongifolia_Plate2	G10	NA	PstIAdapterPlate10	TGGTACGT	TCACG
Alongifolia_Plate2	G11	NA	PstIAdapterPlate10	TCTCAGTG	TCACG
Alongifolia_Plate2	G12	NA	PstIAdapterPlate10	CCGGATAT	TCACG
Alongifolia_Plate2	H01	NA	PstIAdapterPlate10	CGCCTTAT	TCACG
Alongifolia_Plate2	H02	NA	PstIAdapterPlate10	AACCGAGA	TCACG
Alongifolia_Plate2	H03	NA	PstIAdapterPlate10	ACAGGGAA	TCACG
Alongifolia_Plate2	H04	NA	PstIAdapterPlate10	ACGTGGTA	TCACG
Alongifolia_Plate2	H05	NA	PstIAdapterPlate10	CCATGGGT	TCACG
Alongifolia_Plate2	H06	NA	PstIAdapterPlate10	CGCGGAGA	TCACG
Alongifolia_Plate2	H07	NA	PstIAdapterPlate10	CGTGTGGT	TCACG
Alongifolia_Plate2	H08	NA	PstIAdapterPlate10	GCTGTGGA	TCACG
Alongifolia_Plate2	H09	AUnknown_GH_Plant_19	PstIAdapterPlate10	GGATTGGT	TCACG
Alongifolia_Plate2	H10	NA	PstIAdapterPlate10	GTGAGGGT	TCACG
Alongifolia_Plate2	H11	NA	PstIAdapterPlate10	TATCGGGA	TCACG
Alongifolia_Plate2	H12	NA	PstIAdapterPlate10	TTCCTGGA	TCACG
